timestamp_ms,gpu_index,gpu_util_pct,mem_util_pct,power_w
1782671035733,0,0,0,70.03
1782671035733,1,0,0,68.41
1782671035733,2,0,0,68.95
1782671035733,3,0,0,70.33
1782671035733,4,0,0,69.13
1782671035733,5,0,0,69.35
1782671035733,6,0,0,68.85
1782671035733,7,0,0,69.92
1782671035981,0,0,0,70.06
1782671035981,1,0,0,68.42
1782671035981,2,0,0,68.94
1782671035981,3,0,0,70.31
1782671035981,4,0,0,69.15
1782671035981,5,0,0,69.33
1782671035981,6,0,0,68.84
1782671035981,7,0,0,69.89
1782671036223,0,0,0,70.07
1782671036223,1,0,0,68.38
1782671036223,2,0,0,68.93
1782671036223,3,0,0,70.30
1782671036223,4,0,0,69.15
1782671036223,5,0,0,69.33
1782671036223,6,0,0,68.88
1782671036223,7,0,0,69.91
1782671036468,0,0,0,70.06
1782671036468,1,0,0,68.36
1782671036468,2,0,0,68.93
1782671036468,3,0,0,70.28
1782671036468,4,0,0,69.14
1782671036468,5,0,0,69.35
1782671036468,6,0,0,68.85
1782671036468,7,0,0,69.88
1782671036711,0,0,0,70.06
1782671036711,1,0,0,68.37
1782671036711,2,0,0,68.94
1782671036711,3,0,0,70.28
1782671036711,4,0,0,69.17
1782671036711,5,0,0,69.34
1782671036711,6,0,0,68.93
1782671036711,7,0,0,69.88
1782671036970,0,0,0,70.03
1782671036970,1,0,0,68.36
1782671036970,2,0,0,68.97
1782671036970,3,0,0,70.31
1782671036970,4,0,0,69.17
1782671036970,5,0,0,69.34
1782671036970,6,0,0,68.91
1782671036970,7,0,0,69.89
1782671037213,0,0,0,70.03
1782671037213,1,0,0,68.39
1782671037213,2,0,0,68.97
1782671037213,3,0,0,70.30
1782671037213,4,0,0,69.14
1782671037213,5,0,0,69.35
1782671037213,6,0,0,68.91
1782671037213,7,0,0,69.88
1782671037459,0,0,0,70.03
1782671037459,1,0,0,68.42
1782671037459,2,0,0,69.00
1782671037459,3,0,0,70.29
1782671037459,4,0,0,69.16
1782671037459,5,0,0,69.34
1782671037459,6,0,0,68.93
1782671037459,7,0,0,69.88
1782671037703,0,0,0,70.02
1782671037703,1,0,0,68.42
1782671037703,2,0,0,68.97
1782671037703,3,0,0,70.30
1782671037703,4,0,0,69.12
1782671037703,5,0,0,69.37
1782671037703,6,0,0,68.90
1782671037703,7,0,0,69.87
1782671037995,0,0,0,70.04
1782671037995,1,0,0,68.42
1782671037995,2,0,0,68.96
1782671037995,3,0,0,70.29
1782671037995,4,0,0,69.14
1782671037995,5,0,0,69.36
1782671037995,6,0,0,69.00
1782671037995,7,0,0,69.90
1782671038637,0,0,0,70.00
1782671038637,1,0,0,68.43
1782671038637,2,0,0,69.03
1782671038637,3,0,0,70.35
1782671038637,4,0,0,69.12
1782671038637,5,0,0,69.35
1782671038637,6,0,0,68.99
1782671038637,7,0,0,69.88
1782671039248,0,0,0,69.96
1782671039248,1,0,0,68.31
1782671039248,2,0,0,68.96
1782671039248,3,0,0,70.32
1782671039248,4,0,0,69.11
1782671039248,5,0,0,69.35
1782671039248,6,0,0,68.88
1782671039248,7,0,0,69.86
1782671039974,0,0,0,69.97
1782671039974,1,0,0,68.31
1782671039974,2,0,0,68.85
1782671039974,3,0,0,70.24
1782671039974,4,0,0,69.03
1782671039974,5,0,0,69.27
1782671039974,6,0,0,68.83
1782671039974,7,0,0,69.95
1782671040829,0,0,0,69.91
1782671040829,1,0,0,68.32
1782671040829,2,0,0,68.88
1782671040829,3,0,0,70.25
1782671040829,4,0,0,68.96
1782671040829,5,0,0,69.18
1782671040829,6,0,0,68.79
1782671040829,7,0,0,69.90
1782671041074,0,0,0,69.91
1782671041074,1,0,0,68.30
1782671041074,2,0,0,68.87
1782671041074,3,0,0,70.27
1782671041074,4,0,0,68.97
1782671041074,5,0,0,69.18
1782671041074,6,0,0,68.72
1782671041074,7,0,0,69.88
1782671041319,0,0,0,69.92
1782671041319,1,0,0,68.29
1782671041319,2,0,0,68.86
1782671041319,3,0,0,70.26
1782671041319,4,0,0,68.98
1782671041319,5,0,0,69.20
1782671041319,6,0,0,68.80
1782671041319,7,0,0,69.85
1782671041564,0,0,0,69.90
1782671041564,1,0,0,68.25
1782671041564,2,0,0,68.85
1782671041564,3,0,0,70.25
1782671041564,4,0,0,69.01
1782671041564,5,0,0,69.22
1782671041564,6,0,0,68.78
1782671041564,7,0,0,69.79
1782671041809,0,0,0,69.92
1782671041809,1,0,0,68.23
1782671041809,2,0,0,68.81
1782671041809,3,0,0,70.20
1782671041809,4,0,0,69.02
1782671041809,5,0,0,69.21
1782671041809,6,0,0,68.75
1782671041809,7,0,0,69.77
1782671042119,0,0,0,69.94
1782671042119,1,0,0,68.24
1782671042119,2,0,0,68.79
1782671042119,3,0,0,70.20
1782671042119,4,0,0,69.02
1782671042119,5,0,0,69.21
1782671042119,6,0,0,68.71
1782671042119,7,0,0,69.76
1782671042365,0,0,0,69.95
1782671042365,1,0,0,68.27
1782671042365,2,0,0,68.79
1782671042365,3,0,0,70.18
1782671042365,4,0,0,69.02
1782671042365,5,0,0,69.21
1782671042365,6,0,0,68.72
1782671042365,7,0,0,69.75
1782671042610,0,0,0,69.97
1782671042610,1,0,0,68.29
1782671042610,2,0,0,68.80
1782671042610,3,0,0,70.18
1782671042610,4,0,0,69.00
1782671042610,5,0,0,69.23
1782671042610,6,0,0,68.69
1782671042610,7,0,0,69.76
1782671042856,0,0,0,69.96
1782671042856,1,0,0,68.29
1782671042856,2,0,0,68.85
1782671042856,3,0,0,70.21
1782671042856,4,0,0,69.01
1782671042856,5,0,0,69.24
1782671042856,6,0,0,68.69
1782671042856,7,0,0,69.78
1782671043100,0,0,0,69.96
1782671043100,1,0,0,68.28
1782671043100,2,0,0,68.85
1782671043100,3,0,0,70.21
1782671043100,4,0,0,69.00
1782671043100,5,0,0,69.24
1782671043100,6,0,0,68.74
1782671043100,7,0,0,69.77
1782671043342,0,0,0,69.98
1782671043342,1,0,0,68.25
1782671043342,2,0,0,68.85
1782671043342,3,0,0,70.19
1782671043342,4,0,0,69.02
1782671043342,5,0,0,69.24
1782671043342,6,0,0,68.69
1782671043342,7,0,0,69.75
1782671043637,0,0,0,69.98
1782671043637,1,0,0,68.24
1782671043637,2,0,0,68.85
1782671043637,3,0,0,70.23
1782671043637,4,0,0,69.01
1782671043637,5,0,0,69.25
1782671043637,6,0,0,68.71
1782671043637,7,0,0,69.75
1782671043957,0,0,0,69.90
1782671043957,1,0,0,68.32
1782671043957,2,0,0,68.85
1782671043957,3,0,0,70.20
1782671043957,4,0,0,69.01
1782671043957,5,0,0,69.27
1782671043957,6,0,0,68.74
1782671043957,7,0,0,69.79
1782671044699,0,0,0,69.89
1782671044699,1,0,0,68.31
1782671044699,2,0,0,68.90
1782671044699,3,0,0,70.20
1782671044699,4,0,0,68.98
1782671044699,5,0,0,69.26
1782671044699,6,0,0,68.75
1782671044699,7,0,0,69.75
1782671044944,0,0,0,69.92
1782671044944,1,0,0,68.29
1782671044944,2,0,0,68.91
1782671044944,3,0,0,70.20
1782671044944,4,0,0,68.99
1782671044944,5,0,0,69.25
1782671044944,6,0,0,68.78
1782671044944,7,0,0,69.75
1782671045190,0,0,0,69.92
1782671045190,1,0,0,68.31
1782671045190,2,0,0,68.93
1782671045190,3,0,0,70.20
1782671045190,4,0,0,68.99
1782671045190,5,0,0,69.23
1782671045190,6,0,0,68.78
1782671045190,7,0,0,69.74
1782671045436,0,0,0,69.92
1782671045436,1,0,0,68.31
1782671045436,2,0,0,68.92
1782671045436,3,0,0,70.21
1782671045436,4,0,0,68.97
1782671045436,5,0,0,69.21
1782671045436,6,0,0,68.85
1782671045436,7,0,0,69.72
1782671045681,0,0,0,69.91
1782671045681,1,0,0,68.34
1782671045681,2,0,0,68.89
1782671045681,3,0,0,70.20
1782671045681,4,0,0,68.98
1782671045681,5,0,0,69.22
1782671045681,6,0,0,68.79
1782671045681,7,0,0,69.75
1782671045927,0,0,0,69.91
1782671045927,1,0,0,68.34
1782671045927,2,0,0,68.88
1782671045927,3,0,0,70.19
1782671045927,4,0,0,68.98
1782671045927,5,0,0,69.23
1782671045927,6,0,0,68.81
1782671045927,7,0,0,69.75
1782671046171,0,0,0,69.88
1782671046171,1,0,0,68.35
1782671046171,2,0,0,68.89
1782671046171,3,0,0,70.22
1782671046171,4,0,0,68.96
1782671046171,5,0,0,69.25
1782671046171,6,0,0,68.79
1782671046171,7,0,0,69.75
1782671046417,0,0,0,69.89
1782671046417,1,0,0,68.35
1782671046417,2,0,0,68.89
1782671046417,3,0,0,70.21
1782671046417,4,0,0,69.00
1782671046417,5,0,0,69.28
1782671046417,6,0,0,68.75
1782671046417,7,0,0,69.78
1782671046662,0,0,0,69.89
1782671046662,1,0,0,68.31
1782671046662,2,0,0,68.92
1782671046662,3,0,0,70.21
1782671046662,4,0,0,68.96
1782671046662,5,0,0,69.23
1782671046662,6,0,0,68.76
1782671046662,7,0,0,69.79
1782671046907,0,0,0,69.88
1782671046907,1,0,0,68.29
1782671046907,2,0,0,68.91
1782671046907,3,0,0,70.24
1782671046907,4,0,0,68.98
1782671046907,5,0,0,69.21
1782671046907,6,0,0,68.76
1782671046907,7,0,0,69.80
1782671047149,0,0,0,69.91
1782671047149,1,0,0,68.29
1782671047149,2,0,0,68.88
1782671047149,3,0,0,70.21
1782671047149,4,0,0,68.99
1782671047149,5,0,0,69.19
1782671047149,6,0,0,68.78
1782671047149,7,0,0,69.79
1782671047416,0,0,0,69.91
1782671047416,1,0,0,68.29
1782671047416,2,0,0,68.87
1782671047416,3,0,0,70.19
1782671047416,4,0,0,68.97
1782671047416,5,0,0,69.18
1782671047416,6,0,0,68.76
1782671047416,7,0,0,69.77
1782671047663,0,0,0,69.93
1782671047663,1,0,0,68.31
1782671047663,2,0,0,68.85
1782671047663,3,0,0,70.20
1782671047663,4,0,0,69.01
1782671047663,5,0,0,69.19
1782671047663,6,0,0,68.77
1782671047663,7,0,0,69.74
1782671047907,0,0,0,69.94
1782671047907,1,0,0,68.30
1782671047907,2,0,0,68.82
1782671047907,3,0,0,70.18
1782671047907,4,0,0,69.02
1782671047907,5,0,0,69.22
1782671047907,6,0,0,68.78
1782671047907,7,0,0,69.75
1782671048155,0,0,0,69.94
1782671048155,1,0,0,68.29
1782671048155,2,0,0,68.83
1782671048155,3,0,0,70.18
1782671048155,4,0,0,69.01
1782671048155,5,0,0,69.22
1782671048155,6,0,0,68.71
1782671048155,7,0,0,69.76
1782671048407,0,0,0,69.93
1782671048407,1,0,0,68.25
1782671048407,2,0,0,68.86
1782671048407,3,0,0,70.17
1782671048407,4,0,0,69.05
1782671048407,5,0,0,69.22
1782671048407,6,0,0,68.76
1782671048407,7,0,0,69.78
1782671048681,0,0,0,69.95
1782671048681,1,0,0,68.23
1782671048681,2,0,0,68.87
1782671048681,3,0,0,70.18
1782671048681,4,0,0,69.03
1782671048681,5,0,0,69.23
1782671048681,6,0,0,68.74
1782671048681,7,0,0,69.78
1782671048943,0,0,0,69.93
1782671048943,1,0,0,68.24
1782671048943,2,0,0,68.90
1782671048943,3,0,0,70.20
1782671048943,4,0,0,69.00
1782671048943,5,0,0,69.20
1782671048943,6,0,0,68.76
1782671048943,7,0,0,69.76
1782671049202,0,0,0,69.93
1782671049202,1,0,0,68.25
1782671049202,2,0,0,68.89
1782671049202,3,0,0,70.17
1782671049202,4,0,0,69.00
1782671049202,5,0,0,69.19
1782671049202,6,0,0,68.79
1782671049202,7,0,0,69.75
1782671049452,0,0,0,69.94
1782671049452,1,0,0,68.27
1782671049452,2,0,0,68.86
1782671049452,3,0,0,70.19
1782671049452,4,0,0,68.99
1782671049452,5,0,0,69.20
1782671049452,6,0,0,68.78
1782671049452,7,0,0,69.72
1782671049699,0,0,0,69.94
1782671049699,1,0,0,68.30
1782671049699,2,0,0,68.84
1782671049699,3,0,0,70.19
1782671049699,4,0,0,69.01
1782671049699,5,0,0,69.20
1782671049699,6,0,0,68.80
1782671049699,7,0,0,69.72
1782671049947,0,0,0,69.96
1782671049947,1,0,0,68.29
1782671049947,2,0,0,68.83
1782671049947,3,0,0,70.18
1782671049947,4,0,0,69.01
1782671049947,5,0,0,69.21
1782671049947,6,0,0,68.75
1782671049947,7,0,0,69.73
1782671050197,0,0,0,69.96
1782671050197,1,0,0,68.29
1782671050197,2,0,0,68.83
1782671050197,3,0,0,70.20
1782671050197,4,0,0,69.00
1782671050197,5,0,0,69.23
1782671050197,6,0,0,68.75
1782671050197,7,0,0,69.71
1782671050444,0,0,0,69.97
1782671050444,1,0,0,68.29
1782671050444,2,0,0,68.86
1782671050444,3,0,0,70.22
1782671050444,4,0,0,69.00
1782671050444,5,0,0,69.22
1782671050444,6,0,0,68.75
1782671050444,7,0,0,69.72
1782671050694,0,0,0,69.99
1782671050694,1,0,0,68.29
1782671050694,2,0,0,68.88
1782671050694,3,0,0,70.18
1782671050694,4,0,0,69.00
1782671050694,5,0,0,69.23
1782671050694,6,0,0,68.73
1782671050694,7,0,0,69.75
1782671050942,0,0,0,69.99
1782671050942,1,0,0,68.29
1782671050942,2,0,0,68.89
1782671050942,3,0,0,70.19
1782671050942,4,0,0,68.99
1782671050942,5,0,0,69.24
1782671050942,6,0,0,68.84
1782671050942,7,0,0,69.74
1782671051190,0,0,0,70.00
1782671051190,1,0,0,68.28
1782671051190,2,0,0,68.90
1782671051190,3,0,0,70.20
1782671051190,4,0,0,68.99
1782671051190,5,0,0,69.24
1782671051190,6,0,0,68.80
1782671051190,7,0,0,69.77
1782671051437,0,0,0,69.98
1782671051437,1,0,0,68.29
1782671051437,2,0,0,68.88
1782671051437,3,0,0,70.19
1782671051437,4,0,0,68.98
1782671051437,5,0,0,69.26
1782671051437,6,0,0,68.84
1782671051437,7,0,0,69.78
1782671051683,0,0,0,69.96
1782671051683,1,0,0,68.30
1782671051683,2,0,0,68.86
1782671051683,3,0,0,70.17
1782671051683,4,0,0,68.97
1782671051683,5,0,0,69.27
1782671051683,6,0,0,68.83
1782671051683,7,0,0,69.77
1782671051931,0,0,0,69.97
1782671051931,1,0,0,68.32
1782671051931,2,0,0,68.85
1782671051931,3,0,0,70.22
1782671051931,4,0,0,68.97
1782671051931,5,0,0,69.26
1782671051931,6,0,0,68.75
1782671051931,7,0,0,69.79
1782671052179,0,0,0,69.93
1782671052179,1,0,0,68.33
1782671052179,2,0,0,68.85
1782671052179,3,0,0,70.23
1782671052179,4,0,0,68.97
1782671052179,5,0,0,69.23
1782671052179,6,0,0,68.79
1782671052179,7,0,0,69.77
1782671052647,0,0,0,69.93
1782671052647,1,0,0,68.34
1782671052647,2,0,0,68.89
1782671052647,3,0,0,70.21
1782671052647,4,0,0,68.96
1782671052647,5,0,0,69.20
1782671052647,6,0,0,68.73
1782671052647,7,0,0,69.76
1782671052895,0,0,0,69.90
1782671052895,1,0,0,68.32
1782671052895,2,0,0,68.92
1782671052895,3,0,0,70.20
1782671052895,4,0,0,68.95
1782671052895,5,0,0,69.20
1782671052895,6,0,0,68.76
1782671052895,7,0,0,69.78
1782671053145,0,0,0,69.91
1782671053145,1,0,0,68.29
1782671053145,2,0,0,68.91
1782671053145,3,0,0,70.21
1782671053145,4,0,0,68.94
1782671053145,5,0,0,69.19
1782671053145,6,0,0,68.69
1782671053145,7,0,0,69.79
1782671053392,0,0,0,69.89
1782671053392,1,0,0,68.28
1782671053392,2,0,0,68.89
1782671053392,3,0,0,70.16
1782671053392,4,0,0,68.94
1782671053392,5,0,0,69.18
1782671053392,6,0,0,68.72
1782671053392,7,0,0,69.80
1782671053639,0,0,0,69.85
1782671053639,1,0,0,68.25
1782671053639,2,0,0,68.86
1782671053639,3,0,0,70.20
1782671053639,4,0,0,68.95
1782671053639,5,0,0,69.19
1782671053639,6,0,0,68.70
1782671053639,7,0,0,69.80
1782671053885,0,0,0,69.85
1782671053885,1,0,0,68.24
1782671053885,2,0,0,68.83
1782671053885,3,0,0,70.18
1782671053885,4,0,0,68.97
1782671053885,5,0,0,69.21
1782671053885,6,0,0,68.70
1782671053885,7,0,0,69.79
1782671054132,0,0,0,69.84
1782671054132,1,0,0,68.26
1782671054132,2,0,0,68.85
1782671054132,3,0,0,70.18
1782671054132,4,0,0,68.98
1782671054132,5,0,0,69.22
1782671054132,6,0,0,68.72
1782671054132,7,0,0,69.78
1782671054380,0,0,0,69.85
1782671054380,1,0,0,68.28
1782671054380,2,0,0,68.85
1782671054380,3,0,0,70.22
1782671054380,4,0,0,68.99
1782671054380,5,0,0,69.24
1782671054380,6,0,0,68.70
1782671054380,7,0,0,69.78
1782671054628,0,0,0,69.87
1782671054628,1,0,0,68.29
1782671054628,2,0,0,68.87
1782671054628,3,0,0,70.21
1782671054628,4,0,0,68.99
1782671054628,5,0,0,69.24
1782671054628,6,0,0,68.76
1782671054628,7,0,0,69.78
1782671054876,0,0,0,69.90
1782671054876,1,0,0,68.33
1782671054876,2,0,0,68.89
1782671054876,3,0,0,70.21
1782671054876,4,0,0,68.98
1782671054876,5,0,0,69.24
1782671054876,6,0,0,68.74
1782671054876,7,0,0,69.78
1782671055129,0,0,0,69.90
1782671055129,1,0,0,68.30
1782671055129,2,0,0,68.87
1782671055129,3,0,0,70.19
1782671055129,4,0,0,68.99
1782671055129,5,0,0,69.23
1782671055129,6,0,0,68.77
1782671055129,7,0,0,69.78
1782671055377,0,0,0,69.91
1782671055377,1,0,0,68.27
1782671055377,2,0,0,68.87
1782671055377,3,0,0,70.18
1782671055377,4,0,0,69.00
1782671055377,5,0,0,69.20
1782671055377,6,0,0,68.80
1782671055377,7,0,0,69.76
1782671055624,0,0,0,69.94
1782671055624,1,0,0,68.24
1782671055624,2,0,0,68.85
1782671055624,3,0,0,70.19
1782671055624,4,0,0,69.00
1782671055624,5,0,0,69.27
1782671055624,6,0,0,68.72
1782671055624,7,0,0,69.74
1782671056469,0,0,0,69.96
1782671056469,1,0,0,68.26
1782671056469,2,0,0,68.86
1782671056469,3,0,0,70.19
1782671056469,4,0,0,69.01
1782671056469,5,0,0,69.25
1782671056469,6,0,0,68.76
1782671056469,7,0,0,69.74
1782671056718,0,0,0,69.99
1782671056718,1,0,0,68.31
1782671056718,2,0,0,68.86
1782671056718,3,0,0,70.17
1782671056718,4,0,0,69.00
1782671056718,5,0,0,69.25
1782671056718,6,0,0,68.81
1782671056718,7,0,0,69.74
1782671056967,0,0,0,69.98
1782671056967,1,0,0,68.29
1782671056967,2,0,0,68.86
1782671056967,3,0,0,70.18
1782671056967,4,0,0,69.02
1782671056967,5,0,0,69.22
1782671056967,6,0,0,68.85
1782671056967,7,0,0,69.75
1782671057214,0,0,0,69.99
1782671057214,1,0,0,68.30
1782671057214,2,0,0,68.87
1782671057214,3,0,0,70.20
1782671057214,4,0,0,68.99
1782671057214,5,0,0,69.19
1782671057214,6,0,0,68.83
1782671057214,7,0,0,69.74
1782671057462,0,0,0,69.99
1782671057462,1,0,0,68.30
1782671057462,2,0,0,68.86
1782671057462,3,0,0,70.20
1782671057462,4,0,0,68.97
1782671057462,5,0,0,69.18
1782671057462,6,0,0,68.86
1782671057462,7,0,0,69.75
1782671057709,0,0,0,69.98
1782671057709,1,0,0,68.30
1782671057709,2,0,0,68.87
1782671057709,3,0,0,70.22
1782671057709,4,0,0,68.98
1782671057709,5,0,0,69.18
1782671057709,6,0,0,68.86
1782671057709,7,0,0,69.74
1782671057958,0,0,0,69.98
1782671057958,1,0,0,68.31
1782671057958,2,0,0,68.90
1782671057958,3,0,0,70.23
1782671057958,4,0,0,68.96
1782671057958,5,0,0,69.21
1782671057958,6,0,0,68.81
1782671057958,7,0,0,69.76
1782671058353,0,0,0,69.96
1782671058353,1,0,0,68.31
1782671058353,2,0,0,68.91
1782671058353,3,0,0,70.25
1782671058353,4,0,0,68.93
1782671058353,5,0,0,69.20
1782671058353,6,0,0,68.82
1782671058353,7,0,0,69.77
1782671058625,0,0,0,69.91
1782671058625,1,0,0,68.29
1782671058625,2,0,0,68.94
1782671058625,3,0,0,70.27
1782671058625,4,0,0,68.94
1782671058625,5,0,0,69.21
1782671058625,6,0,0,68.75
1782671058625,7,0,0,69.78
1782671058872,0,0,0,69.86
1782671058872,1,0,0,68.28
1782671058872,2,0,0,68.90
1782671058872,3,0,0,70.27
1782671058872,4,0,0,68.95
1782671058872,5,0,0,69.18
1782671058872,6,0,0,68.76
1782671058872,7,0,0,69.78
1782671059120,0,0,0,69.86
1782671059120,1,0,0,68.29
1782671059120,2,0,0,68.88
1782671059120,3,0,0,70.25
1782671059120,4,0,0,68.96
1782671059120,5,0,0,69.17
1782671059120,6,0,0,68.71
1782671059120,7,0,0,69.77
1782671059368,0,0,0,69.86
1782671059368,1,0,0,68.27
1782671059368,2,0,0,68.83
1782671059368,3,0,0,70.26
1782671059368,4,0,0,69.00
1782671059368,5,0,0,69.18
1782671059368,6,0,0,68.70
1782671059368,7,0,0,69.78
1782671059613,0,0,0,69.86
1782671059613,1,0,0,68.32
1782671059613,2,0,0,68.80
1782671059613,3,0,0,70.27
1782671059613,4,0,0,68.98
1782671059613,5,0,0,69.15
1782671059613,6,0,0,68.71
1782671059613,7,0,0,69.77
1782671059859,0,0,0,69.88
1782671059859,1,0,0,68.33
1782671059859,2,0,0,68.81
1782671059859,3,0,0,70.22
1782671059859,4,0,0,68.96
1782671059859,5,0,0,69.18
1782671059859,6,0,0,68.69
1782671059859,7,0,0,69.79
1782671060106,0,0,0,69.88
1782671060106,1,0,0,68.32
1782671060106,2,0,0,68.82
1782671060106,3,0,0,70.23
1782671060106,4,0,0,68.96
1782671060106,5,0,0,69.18
1782671060106,6,0,0,68.68
1782671060106,7,0,0,69.81
1782671060353,0,0,0,69.88
1782671060353,1,0,0,68.31
1782671060353,2,0,0,68.88
1782671060353,3,0,0,70.22
1782671060353,4,0,0,68.97
1782671060353,5,0,0,69.19
1782671060353,6,0,0,68.74
1782671060353,7,0,0,69.80
1782671060602,0,0,0,69.89
1782671060602,1,0,0,68.27
1782671060602,2,0,0,68.89
1782671060602,3,0,0,70.20
1782671060602,4,0,0,68.97
1782671060602,5,0,0,69.20
1782671060602,6,0,0,68.76
1782671060602,7,0,0,69.79
1782671060911,0,0,0,69.89
1782671060911,1,0,0,68.24
1782671060911,2,0,0,68.88
1782671060911,3,0,0,70.18
1782671060911,4,0,0,69.00
1782671060911,5,0,0,69.20
1782671060911,6,0,0,68.71
1782671060911,7,0,0,69.76
1782671061218,0,0,0,69.91
1782671061218,1,0,0,68.24
1782671061218,2,0,0,68.86
1782671061218,3,0,0,70.19
1782671061218,4,0,0,69.05
1782671061218,5,0,0,69.19
1782671061218,6,0,0,68.77
1782671061218,7,0,0,69.75
1782671061465,0,0,0,69.90
1782671061465,1,0,0,68.25
1782671061465,2,0,0,68.82
1782671061465,3,0,0,70.17
1782671061465,4,0,0,69.04
1782671061465,5,0,0,69.19
1782671061465,6,0,0,68.71
1782671061465,7,0,0,69.75
1782671061713,0,0,0,69.90
1782671061713,1,0,0,68.27
1782671061713,2,0,0,68.82
1782671061713,3,0,0,70.17
1782671061713,4,0,0,69.02
1782671061713,5,0,0,69.22
1782671061713,6,0,0,68.73
1782671061713,7,0,0,69.76
1782671061963,0,0,0,69.90
1782671061963,1,0,0,68.28
1782671061963,2,0,0,68.83
1782671061963,3,0,0,70.17
1782671061963,4,0,0,69.03
1782671061963,5,0,0,69.21
1782671061963,6,0,0,68.77
1782671061963,7,0,0,69.75
1782671062211,0,0,0,69.90
1782671062211,1,0,0,68.27
1782671062211,2,0,0,68.85
1782671062211,3,0,0,70.19
1782671062211,4,0,0,69.01
1782671062211,5,0,0,69.22
1782671062211,6,0,0,68.73
1782671062211,7,0,0,69.72
1782671062463,0,0,0,69.92
1782671062463,1,0,0,68.27
1782671062463,2,0,0,68.91
1782671062463,3,0,0,70.20
1782671062463,4,0,0,69.00
1782671062463,5,0,0,69.22
1782671062463,6,0,0,68.81
1782671062463,7,0,0,69.73
1782671062711,0,0,0,69.91
1782671062711,1,0,0,68.26
1782671062711,2,0,0,68.90
1782671062711,3,0,0,70.18
1782671062711,4,0,0,69.02
1782671062711,5,0,0,69.22
1782671062711,6,0,0,68.76
1782671062711,7,0,0,69.73
1782671062960,0,0,0,69.93
1782671062960,1,0,0,68.28
1782671062960,2,0,0,68.89
1782671062960,3,0,0,70.21
1782671062960,4,0,0,69.00
1782671062960,5,0,0,69.24
1782671062960,6,0,0,68.82
1782671062960,7,0,0,69.74
1782671063209,0,0,0,69.95
1782671063209,1,0,0,68.28
1782671063209,2,0,0,68.91
1782671063209,3,0,0,70.20
1782671063209,4,0,0,68.98
1782671063209,5,0,0,69.24
1782671063209,6,0,0,68.83
1782671063209,7,0,0,69.76
1782671063456,0,0,0,69.96
1782671063456,1,0,0,68.30
1782671063456,2,0,0,68.85
1782671063456,3,0,0,70.20
1782671063456,4,0,0,68.98
1782671063456,5,0,0,69.24
1782671063456,6,0,0,68.78
1782671063456,7,0,0,69.74
1782671063703,0,0,0,69.96
1782671063703,1,0,0,68.31
1782671063703,2,0,0,68.87
1782671063703,3,0,0,70.22
1782671063703,4,0,0,68.97
1782671063703,5,0,0,69.23
1782671063703,6,0,0,68.82
1782671063703,7,0,0,69.72
1782671063951,0,0,0,69.96
1782671063951,1,0,0,68.32
1782671063951,2,0,0,68.91
1782671063951,3,0,0,70.20
1782671063951,4,0,0,68.96
1782671063951,5,0,0,69.21
1782671063951,6,0,0,68.75
1782671063951,7,0,0,69.74
1782671064214,0,0,0,69.95
1782671064214,1,0,0,68.32
1782671064214,2,0,0,68.91
1782671064214,3,0,0,70.19
1782671064214,4,0,0,68.97
1782671064214,5,0,0,69.20
1782671064214,6,0,0,68.79
1782671064214,7,0,0,69.73
1782671064460,0,0,0,69.95
1782671064460,1,0,0,68.31
1782671064460,2,0,0,68.94
1782671064460,3,0,0,70.21
1782671064460,4,0,0,68.94
1782671064460,5,0,0,69.22
1782671064460,6,0,0,68.76
1782671064460,7,0,0,69.76
1782671064708,0,0,0,69.95
1782671064708,1,0,0,68.33
1782671064708,2,0,0,68.91
1782671064708,3,0,0,70.19
1782671064708,4,0,0,68.97
1782671064708,5,0,0,69.24
1782671064708,6,0,0,68.75
1782671064708,7,0,0,69.77
1782671064956,0,0,0,69.96
1782671064956,1,0,0,68.34
1782671064956,2,0,0,68.90
1782671064956,3,0,0,70.21
1782671064956,4,0,0,68.98
1782671064956,5,0,0,69.26
1782671064956,6,0,0,68.75
1782671064956,7,0,0,69.78
1782671065202,0,0,0,69.94
1782671065202,1,0,0,68.34
1782671065202,2,0,0,68.89
1782671065202,3,0,0,70.22
1782671065202,4,0,0,68.99
1782671065202,5,0,0,69.25
1782671065202,6,0,0,68.70
1782671065202,7,0,0,69.79
1782671065449,0,0,0,69.94
1782671065449,1,0,0,68.32
1782671065449,2,0,0,68.89
1782671065449,3,0,0,70.25
1782671065449,4,0,0,68.97
1782671065449,5,0,0,69.21
1782671065449,6,0,0,68.68
1782671065449,7,0,0,69.79
1782671065845,0,0,0,69.95
1782671065845,1,0,0,68.33
1782671065845,2,0,0,68.90
1782671065845,3,0,0,70.21
1782671065845,4,0,0,68.97
1782671065845,5,0,0,69.20
1782671065845,6,0,0,68.68
1782671065845,7,0,0,69.80
1782671066094,0,0,0,69.95
1782671066094,1,0,0,68.32
1782671066094,2,0,0,68.92
1782671066094,3,0,0,70.23
1782671066094,4,0,0,68.98
1782671066094,5,0,0,69.21
1782671066094,6,0,0,68.67
1782671066094,7,0,0,69.80
1782671066343,0,0,0,69.95
1782671066343,1,0,0,68.31
1782671066343,2,0,0,68.92
1782671066343,3,0,0,70.20
1782671066343,4,0,0,68.96
1782671066343,5,0,0,69.20
1782671066343,6,0,0,68.76
1782671066343,7,0,0,69.81
1782671066589,0,0,0,69.93
1782671066589,1,0,0,68.32
1782671066589,2,0,0,68.91
1782671066589,3,0,0,70.19
1782671066589,4,0,0,68.98
1782671066589,5,0,0,69.21
1782671066589,6,0,0,68.72
1782671066589,7,0,0,69.79
1782671066836,0,0,0,69.91
1782671066836,1,0,0,68.32
1782671066836,2,0,0,68.88
1782671066836,3,0,0,70.21
1782671066836,4,0,0,68.99
1782671066836,5,0,0,69.20
1782671066836,6,0,0,68.80
1782671066836,7,0,0,69.77
1782671067083,0,0,0,69.90
1782671067083,1,0,0,68.29
1782671067083,2,0,0,68.85
1782671067083,3,0,0,70.19
1782671067083,4,0,0,68.96
1782671067083,5,0,0,69.19
1782671067083,6,0,0,68.80
1782671067083,7,0,0,69.76
1782671067330,0,0,0,69.89
1782671067330,1,0,0,68.28
1782671067330,2,0,0,68.83
1782671067330,3,0,0,70.18
1782671067330,4,0,0,68.99
1782671067330,5,0,0,69.19
1782671067330,6,0,0,68.78
1782671067330,7,0,0,69.75
1782671067578,0,0,0,69.88
1782671067578,1,0,0,68.27
1782671067578,2,0,0,68.82
1782671067578,3,0,0,70.20
1782671067578,4,0,0,68.98
1782671067578,5,0,0,69.19
1782671067578,6,0,0,68.80
1782671067578,7,0,0,69.76
1782671067825,0,0,0,69.90
1782671067825,1,0,0,68.26
1782671067825,2,0,0,68.85
1782671067825,3,0,0,70.16
1782671067825,4,0,0,68.96
1782671067825,5,0,0,69.20
1782671067825,6,0,0,68.73
1782671067825,7,0,0,69.77
1782671068073,0,0,0,69.91
1782671068073,1,0,0,68.29
1782671068073,2,0,0,68.87
1782671068073,3,0,0,70.18
1782671068073,4,0,0,68.99
1782671068073,5,0,0,69.21
1782671068073,6,0,0,68.78
1782671068073,7,0,0,69.76
1782671068322,0,0,0,69.91
1782671068322,1,0,0,68.29
1782671068322,2,0,0,68.89
1782671068322,3,0,0,70.16
1782671068322,4,0,0,68.98
1782671068322,5,0,0,69.20
1782671068322,6,0,0,68.74
1782671068322,7,0,0,69.76
1782671068571,0,0,0,69.93
1782671068571,1,0,0,68.29
1782671068571,2,0,0,68.86
1782671068571,3,0,0,70.16
1782671068571,4,0,0,68.99
1782671068571,5,0,0,69.19
1782671068571,6,0,0,68.76
1782671068571,7,0,0,69.74
1782671068869,0,0,0,69.91
1782671068869,1,0,0,68.29
1782671068869,2,0,0,68.85
1782671068869,3,0,0,70.18
1782671068869,4,0,0,69.01
1782671068869,5,0,0,69.21
1782671068869,6,0,0,68.75
1782671068869,7,0,0,69.75
1782671069745,0,0,0,69.93
1782671069745,1,0,0,68.29
1782671069745,2,0,0,68.88
1782671069745,3,0,0,70.20
1782671069745,4,0,0,68.98
1782671069745,5,0,0,69.21
1782671069745,6,0,0,68.74
1782671069745,7,0,0,69.77
1782671069991,0,0,0,69.91
1782671069991,1,0,0,68.28
1782671069991,2,0,0,68.89
1782671069991,3,0,0,70.21
1782671069991,4,0,0,68.99
1782671069991,5,0,0,69.24
1782671069991,6,0,0,68.74
1782671069991,7,0,0,69.77
1782671070237,0,0,0,69.93
1782671070237,1,0,0,68.29
1782671070237,2,0,0,68.91
1782671070237,3,0,0,70.19
1782671070237,4,0,0,69.00
1782671070237,5,0,0,69.21
1782671070237,6,0,0,68.79
1782671070237,7,0,0,69.76
1782671070486,0,0,0,69.94
1782671070486,1,0,0,68.29
1782671070486,2,0,0,68.92
1782671070486,3,0,0,70.20
1782671070486,4,0,0,68.98
1782671070486,5,0,0,69.21
1782671070486,6,0,0,68.76
1782671070486,7,0,0,69.76
1782671070734,0,0,0,69.92
1782671070734,1,0,0,68.29
1782671070734,2,0,0,68.89
1782671070734,3,0,0,70.18
1782671070734,4,0,0,68.99
1782671070734,5,0,0,69.21
1782671070734,6,0,0,68.82
1782671070734,7,0,0,69.74
1782671070983,0,0,0,69.93
1782671070983,1,0,0,68.28
1782671070983,2,0,0,68.88
1782671070983,3,0,0,70.17
1782671070983,4,0,0,68.96
1782671070983,5,0,0,69.21
1782671070983,6,0,0,68.80
1782671070983,7,0,0,69.75
1782671071257,0,0,0,69.93
1782671071257,1,0,0,68.28
1782671071257,2,0,0,68.87
1782671071257,3,0,0,70.22
1782671071257,4,0,0,68.96
1782671071257,5,0,0,69.24
1782671071257,6,0,0,68.79
1782671071257,7,0,0,69.75
1782671071568,0,0,0,69.96
1782671071568,1,0,0,68.30
1782671071568,2,0,0,68.89
1782671071568,3,0,0,70.22
1782671071568,4,0,0,68.94
1782671071568,5,0,0,69.26
1782671071568,6,0,0,68.69
1782671071568,7,0,0,69.76
1782671071815,0,0,0,69.95
1782671071815,1,0,0,68.33
1782671071815,2,0,0,68.91
1782671071815,3,0,0,70.21
1782671071815,4,0,0,68.96
1782671071815,5,0,0,69.25
1782671071815,6,0,0,68.69
1782671071815,7,0,0,69.76
1782671072063,0,0,0,69.96
1782671072063,1,0,0,68.33
1782671072063,2,0,0,68.93
1782671072063,3,0,0,70.23
1782671072063,4,0,0,68.98
1782671072063,5,0,0,69.22
1782671072063,6,0,0,68.69
1782671072063,7,0,0,69.79
1782671072310,0,0,0,69.96
1782671072310,1,0,0,68.29
1782671072310,2,0,0,68.92
1782671072310,3,0,0,70.22
1782671072310,4,0,0,68.98
1782671072310,5,0,0,69.19
1782671072310,6,0,0,68.66
1782671072310,7,0,0,69.77
1782671072556,0,0,0,69.95
1782671072556,1,0,0,68.30
1782671072556,2,0,0,68.91
1782671072556,3,0,0,70.20
1782671072556,4,0,0,68.99
1782671072556,5,0,0,69.19
1782671072556,6,0,0,68.71
1782671072556,7,0,0,69.77
1782671072802,0,0,0,69.96
1782671072802,1,0,0,68.25
1782671072802,2,0,0,68.87
1782671072802,3,0,0,70.22
1782671072802,4,0,0,68.99
1782671072802,5,0,0,69.17
1782671072802,6,0,0,68.67
1782671072802,7,0,0,69.77
1782671073050,0,0,0,69.93
1782671073050,1,0,0,68.26
1782671073050,2,0,0,68.86
1782671073050,3,0,0,70.21
1782671073050,4,0,0,69.04
1782671073050,5,0,0,69.17
1782671073050,6,0,0,68.74
1782671073050,7,0,0,69.75
1782671073299,0,0,0,69.95
1782671073299,1,0,0,68.29
1782671073299,2,0,0,68.84
1782671073299,3,0,0,70.19
1782671073299,4,0,0,69.02
1782671073299,5,0,0,69.18
1782671073299,6,0,0,68.74
1782671073299,7,0,0,69.79
1782671073547,0,0,0,69.95
1782671073547,1,0,0,68.29
1782671073547,2,0,0,68.84
1782671073547,3,0,0,70.17
1782671073547,4,0,0,69.03
1782671073547,5,0,0,69.17
1782671073547,6,0,0,68.77
1782671073547,7,0,0,69.81
1782671073850,0,0,0,69.93
1782671073850,1,0,0,68.30
1782671073850,2,0,0,68.88
1782671073850,3,0,0,70.21
1782671073850,4,0,0,69.02
1782671073850,5,0,0,69.17
1782671073850,6,0,0,68.71
1782671073850,7,0,0,69.80
1782671074205,0,0,0,69.94
1782671074205,1,0,0,68.27
1782671074205,2,0,0,68.86
1782671074205,3,0,0,70.22
1782671074205,4,0,0,69.03
1782671074205,5,0,0,69.19
1782671074205,6,0,0,68.78
1782671074205,7,0,0,69.79
1782671074455,0,0,0,69.93
1782671074455,1,0,0,68.25
1782671074455,2,0,0,68.87
1782671074455,3,0,0,70.21
1782671074455,4,0,0,69.02
1782671074455,5,0,0,69.20
1782671074455,6,0,0,68.79
1782671074455,7,0,0,69.76
1782671074704,0,0,0,69.92
1782671074704,1,0,0,68.25
1782671074704,2,0,0,68.83
1782671074704,3,0,0,70.22
1782671074704,4,0,0,69.00
1782671074704,5,0,0,69.22
1782671074704,6,0,0,68.78
1782671074704,7,0,0,69.76
1782671074953,0,0,0,69.92
1782671074953,1,0,0,68.24
1782671074953,2,0,0,68.84
1782671074953,3,0,0,70.19
1782671074953,4,0,0,69.02
1782671074953,5,0,0,69.22
1782671074953,6,0,0,68.74
1782671074953,7,0,0,69.75
1782671075202,0,0,0,69.90
1782671075202,1,0,0,68.28
1782671075202,2,0,0,68.85
1782671075202,3,0,0,70.17
1782671075202,4,0,0,69.02
1782671075202,5,0,0,69.22
1782671075202,6,0,0,68.75
1782671075202,7,0,0,69.74
1782671075466,0,0,0,69.88
1782671075466,1,0,0,68.33
1782671075466,2,0,0,68.86
1782671075466,3,0,0,70.18
1782671075466,4,0,0,69.03
1782671075466,5,0,0,69.24
1782671075466,6,0,0,68.70
1782671075466,7,0,0,69.75
1782671075717,0,0,0,69.88
1782671075717,1,0,0,68.32
1782671075717,2,0,0,68.90
1782671075717,3,0,0,70.17
1782671075717,4,0,0,69.03
1782671075717,5,0,0,69.24
1782671075717,6,0,0,68.73
1782671075717,7,0,0,69.72
1782671075966,0,0,0,69.87
1782671075966,1,0,0,68.33
1782671075966,2,0,0,68.91
1782671075966,3,0,0,70.19
1782671075966,4,0,0,69.00
1782671075966,5,0,0,69.24
1782671075966,6,0,0,68.71
1782671075966,7,0,0,69.72
1782671076216,0,0,0,69.88
1782671076216,1,0,0,68.29
1782671076216,2,0,0,68.90
1782671076216,3,0,0,70.21
1782671076216,4,0,0,68.97
1782671076216,5,0,0,69.24
1782671076216,6,0,0,68.75
1782671076216,7,0,0,69.73
1782671076464,0,0,0,69.88
1782671076464,1,0,0,68.29
1782671076464,2,0,0,68.89
1782671076464,3,0,0,70.23
1782671076464,4,0,0,68.96
1782671076464,5,0,0,69.24
1782671076464,6,0,0,68.80
1782671076464,7,0,0,69.73
1782671076713,0,0,0,69.90
1782671076713,1,0,0,68.31
1782671076713,2,0,0,68.88
1782671076713,3,0,0,70.23
1782671076713,4,0,0,68.96
1782671076713,5,0,0,69.25
1782671076713,6,0,0,68.78
1782671076713,7,0,0,69.74
1782671076960,0,0,0,69.92
1782671076960,1,0,0,68.33
1782671076960,2,0,0,68.86
1782671076960,3,0,0,70.22
1782671076960,4,0,0,68.94
1782671076960,5,0,0,69.24
1782671076960,6,0,0,68.84
1782671076960,7,0,0,69.76
1782671077206,0,0,0,69.93
1782671077206,1,0,0,68.36
1782671077206,2,0,0,68.89
1782671077206,3,0,0,70.24
1782671077206,4,0,0,68.96
1782671077206,5,0,0,69.25
1782671077206,6,0,0,68.78
1782671077206,7,0,0,69.76
1782671077454,0,0,0,69.91
1782671077454,1,0,0,68.35
1782671077454,2,0,0,68.93
1782671077454,3,0,0,70.21
1782671077454,4,0,0,68.95
1782671077454,5,0,0,69.23
1782671077454,6,0,0,68.79
1782671077454,7,0,0,69.75
1782671077702,0,0,0,69.89
1782671077702,1,0,0,68.32
1782671077702,2,0,0,68.96
1782671077702,3,0,0,70.19
1782671077702,4,0,0,68.97
1782671077702,5,0,0,69.25
1782671077702,6,0,0,68.79
1782671077702,7,0,0,69.75
1782671077951,0,0,0,69.89
1782671077951,1,0,0,68.32
1782671077951,2,0,0,68.96
1782671077951,3,0,0,70.24
1782671077951,4,0,0,68.97
1782671077951,5,0,0,69.25
1782671077951,6,0,0,68.73
1782671077951,7,0,0,69.75
1782671078203,0,0,0,69.95
1782671078203,1,0,0,68.34
1782671078203,2,0,0,68.86
1782671078203,3,0,0,70.23
1782671078203,4,0,0,68.95
1782671078203,5,0,0,69.24
1782671078203,6,0,0,68.77
1782671078203,7,0,0,69.76
1782671078977,0,0,0,69.97
1782671078977,1,0,0,68.25
1782671078977,2,0,0,68.86
1782671078977,3,0,0,70.16
1782671078977,4,0,0,69.05
1782671078977,5,0,0,69.20
1782671078977,6,0,0,68.79
1782671078977,7,0,0,69.73
1782671080628,0,0,0,69.99
1782671080628,1,0,0,68.29
1782671080628,2,0,0,68.82
1782671080628,3,0,0,70.20
1782671080628,4,0,0,69.03
1782671080628,5,0,0,69.20
1782671080628,6,0,0,68.83
1782671080628,7,0,0,69.72
1782671080945,0,0,0,69.98
1782671080945,1,0,0,68.28
1782671080945,2,0,0,68.82
1782671080945,3,0,0,70.19
1782671080945,4,0,0,69.01
1782671080945,5,0,0,69.23
1782671080945,6,0,0,68.75
1782671080945,7,0,0,69.71
1782671081194,0,0,0,69.98
1782671081194,1,0,0,68.29
1782671081194,2,0,0,68.81
1782671081194,3,0,0,70.19
1782671081194,4,0,0,69.01
1782671081194,5,0,0,69.20
1782671081194,6,0,0,68.79
1782671081194,7,0,0,69.71
1782671081444,0,0,0,69.95
1782671081444,1,0,0,68.27
1782671081444,2,0,0,68.85
1782671081444,3,0,0,70.22
1782671081444,4,0,0,68.98
1782671081444,5,0,0,69.21
1782671081444,6,0,0,68.74
1782671081444,7,0,0,69.71
1782671081692,0,0,0,69.93
1782671081692,1,0,0,68.26
1782671081692,2,0,0,68.86
1782671081692,3,0,0,70.21
1782671081692,4,0,0,68.95
1782671081692,5,0,0,69.24
1782671081692,6,0,0,68.75
1782671081692,7,0,0,69.73
1782671081940,0,0,0,69.92
1782671081940,1,0,0,68.25
1782671081940,2,0,0,68.87
1782671081940,3,0,0,70.21
1782671081940,4,0,0,68.96
1782671081940,5,0,0,69.23
1782671081940,6,0,0,68.76
1782671081940,7,0,0,69.75
1782671082190,0,0,0,69.90
1782671082190,1,0,0,68.27
1782671082190,2,0,0,68.89
1782671082190,3,0,0,70.22
1782671082190,4,0,0,68.94
1782671082190,5,0,0,69.24
1782671082190,6,0,0,68.72
1782671082190,7,0,0,69.77
1782671082439,0,0,0,69.89
1782671082439,1,0,0,68.29
1782671082439,2,0,0,68.86
1782671082439,3,0,0,70.21
1782671082439,4,0,0,68.93
1782671082439,5,0,0,69.27
1782671082439,6,0,0,68.79
1782671082439,7,0,0,69.77
1782671082724,0,0,0,69.90
1782671082724,1,0,0,68.29
1782671082724,2,0,0,68.86
1782671082724,3,0,0,70.21
1782671082724,4,0,0,68.98
1782671082724,5,0,0,69.25
1782671082724,6,0,0,68.74
1782671082724,7,0,0,69.77
1782671082974,0,0,0,69.88
1782671082974,1,0,0,68.30
1782671082974,2,0,0,68.93
1782671082974,3,0,0,70.26
1782671082974,4,0,0,68.99
1782671082974,5,0,0,69.25
1782671082974,6,0,0,68.82
1782671082974,7,0,0,69.76
1782671084145,0,0,0,69.88
1782671084145,1,0,0,68.28
1782671084145,2,0,0,68.83
1782671084145,3,0,0,70.25
1782671084145,4,0,0,68.96
1782671084145,5,0,0,69.24
1782671084145,6,0,0,68.74
1782671084145,7,0,0,69.79
1782671085186,0,0,0,69.94
1782671085186,1,0,0,68.31
1782671085186,2,0,0,68.84
1782671085186,3,0,0,70.19
1782671085186,4,0,0,69.00
1782671085186,5,0,0,69.19
1782671085186,6,0,0,68.76
1782671085186,7,0,0,69.78
1782671085705,0,0,0,69.95
1782671085705,1,0,0,68.33
1782671085705,2,0,0,68.84
1782671085705,3,0,0,70.17
1782671085705,4,0,0,69.00
1782671085705,5,0,0,69.21
1782671085705,6,0,0,68.72
1782671085705,7,0,0,69.78
1782671086006,0,0,0,69.98
1782671086006,1,0,0,68.27
1782671086006,2,0,0,68.83
1782671086006,3,0,0,70.22
1782671086006,4,0,0,68.99
1782671086006,5,0,0,69.21
1782671086006,6,0,0,68.87
1782671086006,7,0,0,69.73
1782671087668,0,0,0,69.90
1782671087668,1,0,0,71.61
1782671087668,2,0,0,72.31
1782671087668,3,0,0,73.71
1782671087668,4,0,0,69.00
1782671087668,5,0,0,69.22
1782671087668,6,0,0,68.75
1782671087668,7,0,0,69.78
1782671091327,0,0,0,69.88
1782671091327,1,0,0,70.61
1782671091327,2,0,0,71.48
1782671091327,3,0,0,73.11
1782671091327,4,0,0,69.02
1782671091327,5,0,0,69.23
1782671091327,6,0,0,68.70
1782671091327,7,0,0,69.77
1782671091577,0,0,0,69.88
1782671091577,1,0,0,69.89
1782671091577,2,0,0,70.44
1782671091577,3,0,0,72.39
1782671091577,4,0,0,69.04
1782671091577,5,0,0,69.24
1782671091577,6,0,0,68.70
1782671091577,7,0,0,69.77
1782671091827,0,0,0,69.89
1782671091827,1,0,0,68.80
1782671091827,2,0,0,69.74
1782671091827,3,0,0,71.35
1782671091827,4,0,0,69.02
1782671091827,5,0,0,69.24
1782671091827,6,0,0,68.76
1782671091827,7,0,0,69.76
1782671092078,0,0,0,69.88
1782671092078,1,0,0,68.24
1782671092078,2,0,0,68.86
1782671092078,3,0,0,70.68
1782671092078,4,0,0,69.03
1782671092078,5,0,0,69.22
1782671092078,6,0,0,68.72
1782671092078,7,0,0,69.74
1782671092329,0,0,0,69.91
1782671092329,1,0,0,68.24
1782671092329,2,0,0,68.85
1782671092329,3,0,0,70.19
1782671092329,4,0,0,69.01
1782671092329,5,0,0,69.20
1782671092329,6,0,0,68.81
1782671092329,7,0,0,69.74
1782671092579,0,0,0,69.91
1782671092579,1,0,0,68.28
1782671092579,2,0,0,68.83
1782671092579,3,0,0,70.21
1782671092579,4,0,0,69.01
1782671092579,5,0,0,69.17
1782671092579,6,0,0,68.80
1782671092579,7,0,0,69.76
1782671092830,0,0,0,69.92
1782671092830,1,0,0,68.29
1782671092830,2,0,0,68.81
1782671092830,3,0,0,70.18
1782671092830,4,0,0,69.03
1782671092830,5,0,0,69.14
1782671092830,6,0,0,68.79
1782671092830,7,0,0,69.75
1782671093080,0,0,0,69.93
1782671093080,1,0,0,68.31
1782671093080,2,0,0,68.82
1782671093080,3,0,0,70.21
1782671093080,4,0,0,68.96
1782671093080,5,0,0,69.17
1782671093080,6,0,0,68.82
1782671093080,7,0,0,69.77
1782671093330,0,0,0,69.94
1782671093330,1,0,0,68.29
1782671093330,2,0,0,68.83
1782671093330,3,0,0,70.19
1782671093330,4,0,0,68.93
1782671093330,5,0,0,69.18
1782671093330,6,0,0,68.76
1782671093330,7,0,0,69.77
1782671093578,0,0,0,69.94
1782671093578,1,0,0,68.27
1782671093578,2,0,0,68.89
1782671093578,3,0,0,70.16
1782671093578,4,0,0,68.91
1782671093578,5,0,0,69.21
1782671093578,6,0,0,68.78
1782671093578,7,0,0,69.75
1782671093827,0,0,0,69.95
1782671093827,1,0,0,68.26
1782671093827,2,0,0,68.88
1782671093827,3,0,0,70.17
1782671093827,4,0,0,68.83
1782671093827,5,0,0,69.23
1782671093827,6,0,0,68.74
1782671093827,7,0,0,69.74
1782671094137,0,0,0,69.95
1782671094137,1,0,0,68.26
1782671094137,2,0,0,68.86
1782671094137,3,0,0,70.16
1782671094137,4,0,0,68.83
1782671094137,5,0,0,69.23
1782671094137,6,0,0,68.78
1782671094137,7,0,0,69.73
1782671094389,0,0,0,69.94
1782671094389,1,0,0,68.29
1782671094389,2,0,0,68.83
1782671094389,3,0,0,70.17
1782671094389,4,0,0,68.83
1782671094389,5,0,0,69.24
1782671094389,6,0,0,68.76
1782671094389,7,0,0,69.72
1782671094639,0,0,0,69.96
1782671094639,1,0,0,68.27
1782671094639,2,0,0,68.82
1782671094639,3,0,0,70.17
1782671094639,4,0,0,68.78
1782671094639,5,0,0,69.24
1782671094639,6,0,0,68.84
1782671094639,7,0,0,69.76
1782671094888,0,0,0,69.98
1782671094888,1,0,0,68.30
1782671094888,2,0,0,68.83
1782671094888,3,0,0,70.18
1782671094888,4,0,0,68.77
1782671094888,5,0,0,69.22
1782671094888,6,0,0,68.79
1782671094888,7,0,0,69.78
1782671095137,0,0,0,69.97
1782671095137,1,0,0,68.28
1782671095137,2,0,0,68.84
1782671095137,3,0,0,70.20
1782671095137,4,0,0,68.78
1782671095137,5,0,0,69.21
1782671095137,6,0,0,68.81
1782671095137,7,0,0,69.76
1782671095386,0,0,0,69.97
1782671095386,1,0,0,68.29
1782671095386,2,0,0,68.89
1782671095386,3,0,0,70.18
1782671095386,4,0,0,68.75
1782671095386,5,0,0,69.20
1782671095386,6,0,0,68.82
1782671095386,7,0,0,69.76
1782671095634,0,0,0,69.95
1782671095634,1,0,0,68.30
1782671095634,2,0,0,68.91
1782671095634,3,0,0,70.21
1782671095634,4,0,0,68.76
1782671095634,5,0,0,69.20
1782671095634,6,0,0,68.78
1782671095634,7,0,0,69.74
1782671095881,0,0,0,69.92
1782671095881,1,0,0,68.29
1782671095881,2,0,0,68.92
1782671095881,3,0,0,70.21
1782671095881,4,0,0,68.77
1782671095881,5,0,0,69.21
1782671095881,6,0,0,68.81
1782671095881,7,0,0,69.75
1782671096129,0,0,0,69.92
1782671096129,1,0,0,68.32
1782671096129,2,0,0,68.91
1782671096129,3,0,0,70.19
1782671096129,4,0,0,68.74
1782671096129,5,0,0,69.22
1782671096129,6,0,0,68.71
1782671096129,7,0,0,69.77
1782671096377,0,0,0,69.92
1782671096377,1,0,0,68.32
1782671096377,2,0,0,68.87
1782671096377,3,0,0,70.23
1782671096377,4,0,0,68.78
1782671096377,5,0,0,69.21
1782671096377,6,0,0,68.72
1782671096377,7,0,0,69.76
1782671096625,0,0,0,69.92
1782671096625,1,0,0,68.32
1782671096625,2,0,0,68.87
1782671096625,3,0,0,70.22
1782671096625,4,0,0,68.81
1782671096625,5,0,0,69.22
1782671096625,6,0,0,68.71
1782671096625,7,0,0,69.75
1782671096873,0,0,0,69.92
1782671096873,1,0,0,68.30
1782671096873,2,0,0,68.86
1782671096873,3,0,0,70.21
1782671096873,4,0,0,68.80
1782671096873,5,0,0,69.23
1782671096873,6,0,0,68.69
1782671096873,7,0,0,69.74
1782671097121,0,0,0,69.89
1782671097121,1,0,0,68.30
1782671097121,2,0,0,68.89
1782671097121,3,0,0,70.25
1782671097121,4,0,0,68.81
1782671097121,5,0,0,69.21
1782671097121,6,0,0,68.75
1782671097121,7,0,0,69.75
1782671097374,0,0,0,69.88
1782671097374,1,0,0,68.29
1782671097374,2,0,0,68.92
1782671097374,3,0,0,70.24
1782671097374,4,0,0,68.79
1782671097374,5,0,0,69.21
1782671097374,6,0,0,68.72
1782671097374,7,0,0,69.78
1782671097627,0,0,0,69.87
1782671097627,1,0,0,68.32
1782671097627,2,0,0,68.92
1782671097627,3,0,0,70.24
1782671097627,4,0,0,68.77
1782671097627,5,0,0,69.20
1782671097627,6,0,0,68.75
1782671097627,7,0,0,69.77
1782671097879,0,0,0,69.90
1782671097879,1,0,0,68.33
1782671097879,2,0,0,68.92
1782671097879,3,0,0,70.24
1782671097879,4,0,0,68.79
1782671097879,5,0,0,69.19
1782671097879,6,0,0,68.73
1782671097879,7,0,0,69.78
1782671098131,0,0,0,69.91
1782671098131,1,0,0,68.33
1782671098131,2,0,0,68.92
1782671098131,3,0,0,70.22
1782671098131,4,0,0,68.81
1782671098131,5,0,0,69.18
1782671098131,6,0,0,68.73
1782671098131,7,0,0,69.73
1782671098383,0,0,0,69.90
1782671098383,1,0,0,68.32
1782671098383,2,0,0,68.87
1782671098383,3,0,0,70.22
1782671098383,4,0,0,68.82
1782671098383,5,0,0,69.18
1782671098383,6,0,0,68.74
1782671098383,7,0,0,69.70
1782671098635,0,0,0,69.93
1782671098635,1,0,0,68.29
1782671098635,2,0,0,68.87
1782671098635,3,0,0,70.18
1782671098635,4,0,0,68.85
1782671098635,5,0,0,69.16
1782671098635,6,0,0,68.71
1782671098635,7,0,0,69.73
1782671098888,0,0,0,69.91
1782671098888,1,0,0,68.27
1782671098888,2,0,0,68.86
1782671098888,3,0,0,70.18
1782671098888,4,0,0,68.82
1782671098888,5,0,0,69.17
1782671098888,6,0,0,68.75
1782671098888,7,0,0,69.71
1782671099142,0,0,0,69.91
1782671099142,1,0,0,68.26
1782671099142,2,0,0,68.85
1782671099142,3,0,0,70.18
1782671099142,4,0,0,68.83
1782671099142,5,0,0,69.18
1782671099142,6,0,0,68.71
1782671099142,7,0,0,69.72
1782671099395,0,0,0,69.93
1782671099395,1,0,0,68.26
1782671099395,2,0,0,68.86
1782671099395,3,0,0,70.14
1782671099395,4,0,0,68.82
1782671099395,5,0,0,69.18
1782671099395,6,0,0,68.74
1782671099395,7,0,0,69.72
1782671099702,0,0,0,69.95
1782671099702,1,0,0,68.24
1782671099702,2,0,0,68.88
1782671099702,3,0,0,70.16
1782671099702,4,0,0,68.81
1782671099702,5,0,0,69.20
1782671099702,6,0,0,68.69
1782671099702,7,0,0,69.72
1782671099954,0,0,0,69.97
1782671099954,1,0,0,68.26
1782671099954,2,0,0,68.86
1782671099954,3,0,0,70.19
1782671099954,4,0,0,68.80
1782671099954,5,0,0,69.20
1782671099954,6,0,0,68.77
1782671099954,7,0,0,69.73
1782671100207,0,0,0,69.97
1782671100207,1,0,0,68.27
1782671100207,2,0,0,68.86
1782671100207,3,0,0,70.19
1782671100207,4,0,0,68.79
1782671100207,5,0,0,69.21
1782671100207,6,0,0,68.76
1782671100207,7,0,0,69.74
1782671100461,0,0,0,69.98
1782671100461,1,0,0,68.25
1782671100461,2,0,0,68.87
1782671100461,3,0,0,70.19
1782671100461,4,0,0,68.79
1782671100461,5,0,0,69.21
1782671100461,6,0,0,68.75
1782671100461,7,0,0,69.73
1782671100713,0,0,0,69.98
1782671100713,1,0,0,68.24
1782671100713,2,0,0,68.84
1782671100713,3,0,0,70.22
1782671100713,4,0,0,68.79
1782671100713,5,0,0,69.20
1782671100713,6,0,0,68.83
1782671100713,7,0,0,69.71
1782671100966,0,0,0,69.98
1782671100966,1,0,0,68.23
1782671100966,2,0,0,68.86
1782671100966,3,0,0,70.21
1782671100966,4,0,0,68.80
1782671100966,5,0,0,69.19
1782671100966,6,0,0,68.76
1782671100966,7,0,0,69.72
1782671101219,0,0,0,69.98
1782671101219,1,0,0,68.25
1782671101219,2,0,0,68.87
1782671101219,3,0,0,70.23
1782671101219,4,0,0,68.81
1782671101219,5,0,0,69.19
1782671101219,6,0,0,68.77
1782671101219,7,0,0,69.71
1782671101472,0,0,0,69.99
1782671101472,1,0,0,68.27
1782671101472,2,0,0,68.90
1782671101472,3,0,0,70.25
1782671101472,4,0,0,68.79
1782671101472,5,0,0,69.20
1782671101472,6,0,0,68.76
1782671101472,7,0,0,69.74
1782671101722,0,0,0,70.00
1782671101722,1,0,0,68.32
1782671101722,2,0,0,68.92
1782671101722,3,0,0,70.24
1782671101722,4,0,0,68.78
1782671101722,5,0,0,69.22
1782671101722,6,0,0,68.77
1782671101722,7,0,0,69.76
1782671101970,0,0,0,69.98
1782671101970,1,0,0,68.34
1782671101970,2,0,0,68.91
1782671101970,3,0,0,70.24
1782671101970,4,0,0,68.76
1782671101970,5,0,0,69.21
1782671101970,6,0,0,68.73
1782671101970,7,0,0,69.74
1782671102221,0,0,0,69.95
1782671102221,1,0,0,68.32
1782671102221,2,0,0,68.89
1782671102221,3,0,0,70.26
1782671102221,4,0,0,68.76
1782671102221,5,0,0,69.22
1782671102221,6,0,0,68.80
1782671102221,7,0,0,69.77
1782671102470,0,0,0,69.94
1782671102470,1,0,0,68.33
1782671102470,2,0,0,68.87
1782671102470,3,0,0,70.23
1782671102470,4,0,0,68.77
1782671102470,5,0,0,69.21
1782671102470,6,0,0,68.79
1782671102470,7,0,0,69.79
1782671102717,0,0,0,69.91
1782671102717,1,0,0,68.29
1782671102717,2,0,0,68.83
1782671102717,3,0,0,70.22
1782671102717,4,0,0,68.78
1782671102717,5,0,0,69.22
1782671102717,6,0,0,68.76
1782671102717,7,0,0,69.77
1782671102964,0,0,0,69.92
1782671102964,1,0,0,68.29
1782671102964,2,0,0,68.85
1782671102964,3,0,0,70.23
1782671102964,4,0,0,68.80
1782671102964,5,0,0,69.24
1782671102964,6,0,0,68.80
1782671102964,7,0,0,69.78
1782671103215,0,0,0,69.93
1782671103215,1,0,0,68.30
1782671103215,2,0,0,68.86
1782671103215,3,0,0,70.21
1782671103215,4,0,0,68.79
1782671103215,5,0,0,69.23
1782671103215,6,0,0,68.77
1782671103215,7,0,0,69.78
1782671103465,0,0,0,69.91
1782671103465,1,0,0,68.31
1782671103465,2,0,0,68.87
1782671103465,3,0,0,70.20
1782671103465,4,0,0,68.80
1782671103465,5,0,0,69.25
1782671103465,6,0,0,68.71
1782671103465,7,0,0,69.76
1782671103715,0,0,0,69.90
1782671103715,1,0,0,68.32
1782671103715,2,0,0,68.94
1782671103715,3,0,0,70.17
1782671103715,4,0,0,68.83
1782671103715,5,0,0,69.20
1782671103715,6,0,0,68.73
1782671103715,7,0,0,69.78
1782671103965,0,0,0,69.90
1782671103965,1,0,0,68.30
1782671103965,2,0,0,68.92
1782671103965,3,0,0,70.17
1782671103965,4,0,0,68.82
1782671103965,5,0,0,69.18
1782671103965,6,0,0,68.67
1782671103965,7,0,0,69.79
1782671104215,0,0,0,69.89
1782671104215,1,0,0,68.28
1782671104215,2,0,0,68.92
1782671104215,3,0,0,70.17
1782671104215,4,0,0,68.82
1782671104215,5,0,0,69.18
1782671104215,6,0,0,68.70
1782671104215,7,0,0,69.79
1782671104466,0,0,0,69.90
1782671104466,1,0,0,68.27
1782671104466,2,0,0,68.89
1782671104466,3,0,0,70.18
1782671104466,4,0,0,68.81
1782671104466,5,0,0,69.18
1782671104466,6,0,0,68.71
1782671104466,7,0,0,69.81
1782671104716,0,0,0,69.89
1782671104716,1,0,0,68.25
1782671104716,2,0,0,68.85
1782671104716,3,0,0,70.17
1782671104716,4,0,0,68.81
1782671104716,5,0,0,69.20
1782671104716,6,0,0,68.71
1782671104716,7,0,0,69.81
1782671104966,0,0,0,114.34
1782671104966,1,0,0,110.01
1782671104966,2,0,0,113.12
1782671104966,3,0,0,117.23
1782671104966,4,0,0,117.55
1782671104966,5,0,0,116.87
1782671104966,6,0,0,115.20
1782671104966,7,0,0,117.58
1782671106229,0,26,0,117.81
1782671106229,1,2,0,115.17
1782671106229,2,8,0,117.06
1782671106229,3,0,0,120.16
1782671106229,4,17,0,120.51
1782671106229,5,3,0,118.84
1782671106229,6,27,0,118.73
1782671106229,7,1,0,119.27
1782671106450,0,0,0,117.08
1782671106450,1,0,0,114.39
1782671106450,2,2,0,116.33
1782671106450,3,0,0,118.94
1782671106450,4,0,0,119.72
1782671106450,5,0,0,117.67
1782671106450,6,0,0,117.47
1782671106450,7,0,0,118.09
1782671106687,0,0,0,115.64
1782671106687,1,0,0,112.60
1782671106687,2,0,0,114.41
1782671106687,3,0,0,117.02
1782671106687,4,0,0,117.64
1782671106687,5,0,0,115.53
1782671106687,6,0,0,115.42
1782671106687,7,0,0,116.25
1782671107584,0,0,0,115.12
1782671107584,1,0,0,112.57
1782671107584,2,0,0,113.93
1782671107584,3,0,0,117.07
1782671107584,4,0,0,117.52
1782671107584,5,0,0,115.72
1782671107584,6,0,0,115.49
1782671107584,7,0,0,116.34
1782671108260,0,0,0,115.22
1782671108260,1,0,0,112.75
1782671108260,2,0,0,113.99
1782671108260,3,0,0,117.24
1782671108260,4,0,0,117.54
1782671108260,5,0,0,115.75
1782671108260,6,0,0,115.51
1782671108260,7,0,0,116.53
1782671108657,0,0,0,115.21
1782671108657,1,0,0,112.80
1782671108657,2,0,0,113.95
1782671108657,3,0,0,117.28
1782671108657,4,0,0,117.53
1782671108657,5,0,0,115.75
1782671108657,6,0,0,115.52
1782671108657,7,0,0,116.57
1782671109088,0,0,0,116.76
1782671109088,1,0,0,114.27
1782671109088,2,0,0,115.54
1782671109088,3,0,0,118.64
1782671109088,4,1,0,119.22
1782671109088,5,0,0,117.24
1782671109088,6,0,0,117.16
1782671109088,7,0,0,118.31
1782671109527,0,55,1,121.83
1782671109527,1,84,1,119.15
1782671109527,2,93,2,120.65
1782671109527,3,0,0,121.24
1782671109527,4,87,2,124.86
1782671109527,5,93,1,122.49
1782671109527,6,0,0,120.48
1782671109527,7,0,0,121.48
1782671109764,0,100,1,126.90
1782671109764,1,100,2,125.25
1782671109764,2,55,2,125.44
1782671109764,3,96,2,132.10
1782671109764,4,86,2,130.52
1782671109764,5,100,2,129.68
1782671109764,6,100,1,129.38
1782671109764,7,100,1,131.22
1782671109995,0,57,2,131.53
1782671109995,1,100,0,130.19
1782671109995,2,30,1,131.59
1782671109995,3,100,2,135.31
1782671109995,4,27,0,133.84
1782671109995,5,100,0,132.65
1782671109995,6,61,2,132.38
1782671109995,7,100,2,133.70
1782671110239,0,27,0,137.66
1782671110239,1,79,2,136.41
1782671110239,2,86,1,136.50
1782671110239,3,96,0,139.59
1782671110239,4,63,1,141.01
1782671110239,5,69,2,140.60
1782671110239,6,27,0,139.30
1782671110239,7,76,2,138.65
1782671110475,0,55,1,140.40
1782671110475,1,100,1,141.06
1782671110475,2,85,2,139.91
1782671110475,3,77,2,145.73
1782671110475,4,92,2,142.83
1782671110475,5,95,2,144.18
1782671110475,6,50,1,140.50
1782671110475,7,81,3,144.26
1782671110717,0,88,2,140.77
1782671110717,1,100,2,139.36
1782671110717,2,25,0,139.76
1782671110717,3,77,2,143.84
1782671110717,4,81,2,141.84
1782671110717,5,100,2,141.87
1782671110717,6,83,2,139.60
1782671110717,7,95,2,143.25
1782671110961,0,54,2,141.40
1782671110961,1,91,1,139.83
1782671110961,2,34,1,139.74
1782671110961,3,100,2,144.36
1782671110961,4,28,0,142.81
1782671110961,5,100,0,142.49
1782671110961,6,59,2,140.40
1782671110961,7,100,2,144.37
1782671111206,0,25,0,141.91
1782671111206,1,80,2,139.02
1782671111206,2,65,1,140.02
1782671111206,3,100,2,143.55
1782671111206,4,41,1,143.38
1782671111206,5,83,2,142.29
1782671111206,6,29,2,140.24
1782671111206,7,96,0,144.51
1782671111457,0,30,1,141.72
1782671111457,1,79,3,139.73
1782671111457,2,92,2,139.05
1782671111457,3,100,0,142.17
1782671111457,4,70,2,143.08
1782671111457,5,87,2,142.36
1782671111457,6,27,0,140.44
1782671111457,7,87,2,143.64
1782671111693,0,58,1,140.87
1782671111693,1,95,4,138.70
1782671111693,2,52,2,138.98
1782671111693,3,92,2,142.99
1782671111693,4,96,2,142.89
1782671111693,5,92,3,142.27
1782671111693,6,53,1,140.27
1782671111693,7,91,3,143.33
1782671111948,0,81,2,140.05
1782671111948,1,100,2,138.62
1782671111948,2,27,0,138.33
1782671111948,3,82,3,141.62
1782671111948,4,44,2,143.16
1782671111948,5,100,2,142.25
1782671111948,6,86,2,139.78
1782671111948,7,100,1,143.65
1782671112190,0,47,2,139.90
1782671112190,1,87,0,138.36
1782671112190,2,42,1,137.93
1782671112190,3,100,2,142.71
1782671112190,4,27,0,142.87
1782671112190,5,100,0,142.92
1782671112190,6,51,2,140.10
1782671112190,7,100,2,142.75
1782671112434,0,28,0,140.40
1782671112434,1,67,2,139.30
1782671112434,2,74,2,139.29
1782671112434,3,100,0,143.12
1782671112434,4,49,1,142.59
1782671112434,5,70,2,142.82
1782671112434,6,27,0,140.25
1782671112434,7,75,1,143.38
1782671112689,0,46,1,141.11
1782671112689,1,90,3,138.64
1782671112689,2,100,1,139.55
1782671112689,3,98,0,143.30
1782671112689,4,83,2,142.54
1782671112689,5,93,3,141.87
1782671112689,6,41,1,139.99
1782671112689,7,91,2,143.78
1782671112924,0,92,2,140.88
1782671112924,1,100,2,137.73
1782671112924,2,31,2,139.64
1782671112924,3,91,2,143.57
1782671112924,4,91,2,142.20
1782671112924,5,100,2,142.54
1782671112924,6,76,2,140.64
1782671112924,7,92,3,142.78
1782671113170,0,59,2,141.21
1782671113170,1,92,0,138.79
1782671113170,2,27,0,140.12
1782671113170,3,100,2,144.05
1782671113170,4,26,0,142.37
1782671113170,5,100,0,142.18
1782671113170,6,66,2,140.34
1782671113170,7,100,2,142.82
1782671113401,0,28,0,139.75
1782671113401,1,92,2,138.21
1782671113401,2,81,1,139.38
1782671113401,3,100,0,143.16
1782671113401,4,56,1,142.38
1782671113401,5,93,2,142.38
1782671113401,6,28,0,140.45
1782671113401,7,95,2,142.79
1782671113646,0,58,1,139.02
1782671113646,1,87,3,137.91
1782671113646,2,93,2,139.03
1782671113646,3,87,2,143.40
1782671113646,4,96,2,142.60
1782671113646,5,86,3,143.15
1782671113646,6,53,1,141.15
1782671113646,7,84,2,142.41
1782671113877,0,87,2,139.81
1782671113877,1,100,2,138.54
1782671113877,2,54,2,139.71
1782671113877,3,95,3,143.91
1782671113877,4,78,2,142.83
1782671113877,5,100,2,143.18
1782671113877,6,80,2,140.50
1782671113877,7,100,1,143.34
1782671114108,0,87,2,139.97
1782671114108,1,100,2,138.20
1782671114108,2,41,1,139.40
1782671114108,3,94,4,142.68
1782671114108,4,51,2,142.42
1782671114108,5,100,2,141.62
1782671114108,6,92,2,139.91
1782671114108,7,100,2,142.59
1782671114338,0,28,0,138.95
1782671114338,1,92,2,137.13
1782671114338,2,79,2,139.04
1782671114338,3,100,2,141.96
1782671114338,4,54,1,141.49
1782671114338,5,94,2,139.96
1782671114338,6,28,0,140.49
1782671114338,7,100,2,141.69
1782671114579,0,55,1,138.95
1782671114579,1,92,3,137.12
1782671114579,2,95,2,139.56
1782671114579,3,96,1,140.67
1782671114579,4,93,2,141.44
1782671114579,5,95,3,139.29
1782671114579,6,51,1,139.92
1782671114579,7,92,2,141.00
1782671114809,0,94,2,139.07
1782671114809,1,100,2,138.53
1782671114809,2,56,2,138.39
1782671114809,3,93,3,140.00
1782671114809,4,81,2,141.38
1782671114809,5,100,2,140.15
1782671114809,6,90,2,140.56
1782671114809,7,93,3,140.16
1782671115036,0,79,2,138.13
1782671115036,1,100,2,136.99
1782671115036,2,29,0,138.18
1782671115036,3,100,2,139.90
1782671115036,4,43,2,141.42
1782671115036,5,100,2,139.70
1782671115036,6,84,2,140.80
1782671115036,7,100,2,139.40
1782671115262,0,45,2,139.17
1782671115262,1,100,0,137.00
1782671115262,2,45,1,138.45
1782671115262,3,100,2,140.51
1782671115262,4,27,0,141.03
1782671115262,5,100,0,139.73
1782671115262,6,50,2,139.74
1782671115262,7,100,2,139.76
1782671115499,0,28,0,140.21
1782671115499,1,66,2,138.00
1782671115499,2,100,2,138.70
1782671115499,3,100,0,140.69
1782671115499,4,53,1,141.81
1782671115499,5,69,2,140.24
1782671115499,6,28,0,141.00
1782671115499,7,82,1,141.53
1782671115738,0,77,2,140.22
1782671115738,1,100,2,137.68
1782671115738,2,63,2,138.64
1782671115738,3,73,1,141.26
1782671115738,4,86,2,143.28
1782671115738,5,100,2,140.77
1782671115738,6,73,2,141.12
1782671115738,7,65,2,142.55
1782671115971,0,97,2,141.22
1782671115971,1,100,2,139.23
1782671115971,2,34,2,138.70
1782671115971,3,88,3,141.94
1782671115971,4,58,2,143.34
1782671115971,5,100,2,141.43
1782671115971,6,100,1,141.53
1782671115971,7,100,2,143.25
1782671116203,0,65,2,141.00
1782671116203,1,100,0,138.82
1782671116203,2,27,0,138.72
1782671116203,3,100,2,142.53
1782671116203,4,27,1,144.15
1782671116203,5,100,2,142.31
1782671116203,6,71,2,142.05
1782671116203,7,100,2,145.09
1782671116442,0,35,0,136.11
1782671116442,1,86,5,135.29
1782671116442,2,58,1,135.23
1782671116442,3,100,0,140.05
1782671116442,4,35,1,139.74
1782671116442,5,93,4,138.51
1782671116442,6,34,0,137.09
1782671116442,7,100,0,141.80
1782671116670,0,12,0,131.94
1782671116670,1,100,0,131.15
1782671116670,2,25,0,131.39
1782671116670,3,100,0,133.22
1782671116670,4,16,0,134.46
1782671116670,5,100,0,134.15
1782671116670,6,14,0,131.99
1782671116670,7,100,0,133.48
1782671116899,0,35,0,131.01
1782671116899,1,100,0,129.84
1782671116899,2,47,10,130.39
1782671116899,3,100,0,134.24
1782671116899,4,35,0,134.09
1782671116899,5,100,0,133.86
1782671116899,6,35,0,131.77
1782671116899,7,100,0,134.61
1782671117130,0,100,0,132.58
1782671117130,1,100,0,131.57
1782671117130,2,100,0,132.24
1782671117130,3,100,0,135.98
1782671117130,4,100,0,135.60
1782671117130,5,100,0,134.93
1782671117130,6,100,0,133.06
1782671117130,7,100,0,134.39
1782671117423,0,100,0,134.94
1782671117423,1,100,0,132.83
1782671117423,2,100,1,136.02
1782671117423,3,100,0,139.40
1782671117423,4,100,0,138.13
1782671117423,5,100,0,136.37
1782671117423,6,100,0,135.63
1782671117423,7,100,0,138.79
1782671117705,0,47,12,141.68
1782671117705,1,100,7,141.02
1782671117705,2,0,0,141.04
1782671117705,3,50,11,146.15
1782671117705,4,72,8,146.23
1782671117705,5,93,8,143.40
1782671117705,6,40,12,142.80
1782671117705,7,71,9,143.73
1782671117928,0,0,0,134.76
1782671117928,1,0,0,137.15
1782671117928,2,0,0,134.64
1782671117928,3,0,0,140.53
1782671117928,4,0,0,142.26
1782671117928,5,0,0,140.42
1782671117928,6,0,0,138.36
1782671117928,7,0,0,138.61
1782671118148,0,0,0,128.57
1782671118148,1,0,0,128.03
1782671118148,2,0,0,128.60
1782671118148,3,0,0,134.49
1782671118148,4,0,0,133.03
1782671118148,5,0,0,130.27
1782671118148,6,0,0,132.14
1782671118148,7,0,0,132.57
1782671118367,0,0,0,122.13
1782671118367,1,0,0,121.43
1782671118367,2,0,0,122.37
1782671118367,3,0,0,128.00
1782671118367,4,0,0,126.36
1782671118367,5,0,0,123.96
1782671118367,6,0,0,123.31
1782671118367,7,0,0,126.47
1782671118586,0,0,0,114.99
1782671118586,1,0,0,113.00
1782671118586,2,0,0,115.00
1782671118586,3,0,0,117.40
1782671118586,4,0,0,118.09
1782671118586,5,0,0,116.31
1782671118586,6,0,0,115.81
1782671118586,7,0,0,116.75
1782671118805,0,0,0,115.02
1782671118805,1,0,0,112.92
1782671118805,2,0,0,114.33
1782671118805,3,0,0,117.42
1782671118805,4,0,0,117.95
1782671118805,5,0,0,116.10
1782671118805,6,0,0,115.80
1782671118805,7,0,0,116.72
1782671119022,0,0,0,115.14
1782671119022,1,0,0,112.89
1782671119022,2,0,0,114.31
1782671119022,3,0,0,117.45
1782671119022,4,0,0,117.95
1782671119022,5,0,0,116.12
1782671119022,6,0,0,115.77
1782671119022,7,0,0,116.74
1782671119241,0,0,0,115.31
1782671119241,1,0,0,112.90
1782671119241,2,0,0,114.30
1782671119241,3,0,0,117.43
1782671119241,4,0,0,117.97
1782671119241,5,0,0,116.09
1782671119241,6,0,0,115.74
1782671119241,7,0,0,116.75
1782671119460,0,0,0,115.41
1782671119460,1,0,0,112.91
1782671119460,2,0,0,114.31
1782671119460,3,0,0,117.45
1782671119460,4,0,0,117.95
1782671119460,5,0,0,116.11
1782671119460,6,0,0,115.83
1782671119460,7,0,0,116.74
1782671119679,0,0,0,115.49
1782671119679,1,0,0,112.93
1782671119679,2,0,0,114.32
1782671119679,3,0,0,117.48
1782671119679,4,0,0,117.94
1782671119679,5,0,0,116.14
1782671119679,6,0,0,115.82
1782671119679,7,0,0,116.72
1782671119896,0,0,0,115.51
1782671119896,1,0,0,112.93
1782671119896,2,0,0,114.33
1782671119896,3,0,0,117.51
1782671119896,4,0,0,117.95
1782671119896,5,0,0,116.14
1782671119896,6,0,0,115.78
1782671119896,7,0,0,116.73
1782671120113,0,0,0,115.49
1782671120113,1,0,0,112.95
1782671120113,2,0,0,114.39
1782671120113,3,0,0,117.51
1782671120113,4,0,0,117.93
1782671120113,5,0,0,116.12
1782671120113,6,0,0,115.76
1782671120113,7,0,0,116.73
1782671120330,0,0,0,115.50
1782671120330,1,0,0,112.96
1782671120330,2,0,0,114.40
1782671120330,3,0,0,117.50
1782671120330,4,0,0,117.92
1782671120330,5,0,0,116.16
1782671120330,6,0,0,115.79
1782671120330,7,0,0,116.71
1782671120546,0,0,0,115.51
1782671120546,1,0,0,112.95
1782671120546,2,0,0,114.39
1782671120546,3,0,0,117.50
1782671120546,4,0,0,117.93
1782671120546,5,0,0,116.14
1782671120546,6,0,0,115.78
1782671120546,7,0,0,116.75
1782671120762,0,0,0,115.51
1782671120762,1,0,0,112.96
1782671120762,2,0,0,114.37
1782671120762,3,0,0,117.52
1782671120762,4,0,0,117.97
1782671120762,5,0,0,116.13
1782671120762,6,0,0,115.80
1782671120762,7,0,0,116.76
1782671120978,0,0,0,115.49
1782671120978,1,0,0,112.97
1782671120978,2,0,0,114.38
1782671120978,3,0,0,117.51
1782671120978,4,0,0,117.95
1782671120978,5,0,0,116.12
1782671120978,6,0,0,115.78
1782671120978,7,0,0,116.74
1782671121227,0,0,0,115.49
1782671121227,1,0,0,112.99
1782671121227,2,0,0,114.36
1782671121227,3,0,0,117.51
1782671121227,4,0,0,117.99
1782671121227,5,0,0,116.15
1782671121227,6,0,0,115.80
1782671121227,7,0,0,116.77
1782671121444,0,0,0,115.50
1782671121444,1,0,0,113.00
1782671121444,2,0,0,114.35
1782671121444,3,0,0,117.55
1782671121444,4,0,0,117.99
1782671121444,5,0,0,116.16
1782671121444,6,0,0,115.83
1782671121444,7,0,0,116.77
1782671121661,0,0,0,115.50
1782671121661,1,0,0,113.01
1782671121661,2,0,0,114.37
1782671121661,3,0,0,117.53
1782671121661,4,0,0,117.97
1782671121661,5,0,0,116.14
1782671121661,6,0,0,115.80
1782671121661,7,0,0,116.77
1782671121878,0,0,0,115.51
1782671121878,1,0,0,113.00
1782671121878,2,0,0,114.39
1782671121878,3,0,0,117.55
1782671121878,4,0,0,117.99
1782671121878,5,0,0,116.16
1782671121878,6,0,0,115.78
1782671121878,7,0,0,116.78
1782671122098,0,0,0,115.52
1782671122098,1,0,0,113.01
1782671122098,2,0,0,114.41
1782671122098,3,0,0,117.53
1782671122098,4,0,0,117.97
1782671122098,5,0,0,116.16
1782671122098,6,0,0,115.79
1782671122098,7,0,0,116.80
1782671122315,0,0,0,115.52
1782671122315,1,0,0,112.99
1782671122315,2,0,0,114.45
1782671122315,3,0,0,117.54
1782671122315,4,0,0,117.99
1782671122315,5,0,0,116.16
1782671122315,6,0,0,115.80
1782671122315,7,0,0,116.79
1782671122530,0,0,0,115.56
1782671122530,1,0,0,112.97
1782671122530,2,0,0,114.46
1782671122530,3,0,0,117.54
1782671122530,4,0,0,117.99
1782671122530,5,0,0,116.18
1782671122530,6,0,0,115.86
1782671122530,7,0,0,116.81
1782671122747,0,0,0,115.58
1782671122747,1,0,0,112.97
1782671122747,2,0,0,114.45
1782671122747,3,0,0,117.52
1782671122747,4,0,0,118.02
1782671122747,5,0,0,116.23
1782671122747,6,0,0,115.79
1782671122747,7,0,0,116.81
1782671122999,0,0,0,115.59
1782671122999,1,0,0,112.97
1782671122999,2,0,0,114.43
1782671122999,3,0,0,117.50
1782671122999,4,0,0,118.03
1782671122999,5,0,0,116.23
1782671122999,6,0,0,115.82
1782671122999,7,0,0,116.82
1782671123216,0,0,0,115.59
1782671123216,1,0,0,112.99
1782671123216,2,0,0,114.39
1782671123216,3,0,0,117.51
1782671123216,4,0,0,118.04
1782671123216,5,0,0,116.22
1782671123216,6,0,0,115.85
1782671123216,7,0,0,116.81
1782671123434,0,0,0,115.57
1782671123434,1,0,0,113.00
1782671123434,2,0,0,114.39
1782671123434,3,0,0,117.52
1782671123434,4,0,0,118.04
1782671123434,5,0,0,116.20
1782671123434,6,0,0,115.87
1782671123434,7,0,0,116.82
1782671123651,0,0,0,115.57
1782671123651,1,0,0,113.02
1782671123651,2,0,0,114.40
1782671123651,3,0,0,117.52
1782671123651,4,0,0,118.04
1782671123651,5,0,0,116.19
1782671123651,6,0,0,115.86
1782671123651,7,0,0,116.81
1782671123867,0,0,0,115.55
1782671123867,1,0,0,113.01
1782671123867,2,0,0,114.41
1782671123867,3,0,0,117.54
1782671123867,4,0,0,118.04
1782671123867,5,0,0,116.19
1782671123867,6,0,0,115.86
1782671123867,7,0,0,116.81
1782671124083,0,0,0,115.58
1782671124083,1,0,0,112.99
1782671124083,2,0,0,114.43
1782671124083,3,0,0,117.56
1782671124083,4,0,0,118.04
1782671124083,5,0,0,116.19
1782671124083,6,0,0,115.91
1782671124083,7,0,0,116.82
1782671124330,0,0,0,115.57
1782671124330,1,0,0,112.96
1782671124330,2,0,0,114.45
1782671124330,3,0,0,117.54
1782671124330,4,0,0,118.07
1782671124330,5,0,0,116.17
1782671124330,6,0,0,115.92
1782671124330,7,0,0,116.84
1782671124554,0,0,0,115.58
1782671124554,1,0,0,112.94
1782671124554,2,0,0,114.45
1782671124554,3,0,0,117.51
1782671124554,4,0,0,118.05
1782671124554,5,0,0,116.18
1782671124554,6,0,0,115.88
1782671124554,7,0,0,116.84
1782671124771,0,0,0,115.58
1782671124771,1,0,0,112.93
1782671124771,2,0,0,114.45
1782671124771,3,0,0,117.53
1782671124771,4,0,0,118.06
1782671124771,5,0,0,116.17
1782671124771,6,0,0,115.93
1782671124771,7,0,0,116.83
1782671124987,0,0,0,115.56
1782671124987,1,0,0,112.94
1782671124987,2,0,0,114.43
1782671124987,3,0,0,117.54
1782671124987,4,0,0,118.07
1782671124987,5,0,0,116.17
1782671124987,6,0,0,115.94
1782671124987,7,0,0,116.82
1782671125204,0,0,0,115.55
1782671125204,1,0,0,112.95
1782671125204,2,0,0,114.41
1782671125204,3,0,0,117.55
1782671125204,4,0,0,118.04
1782671125204,5,0,0,116.18
1782671125204,6,0,0,115.92
1782671125204,7,0,0,116.81
1782671125420,0,0,0,115.54
1782671125420,1,0,0,112.95
1782671125420,2,0,0,114.40
1782671125420,3,0,0,117.55
1782671125420,4,0,0,118.06
1782671125420,5,0,0,116.19
1782671125420,6,0,0,115.89
1782671125420,7,0,0,116.79
1782671125636,0,0,0,115.54
1782671125636,1,0,0,112.99
1782671125636,2,0,0,114.40
1782671125636,3,0,0,117.59
1782671125636,4,0,0,118.07
1782671125636,5,0,0,116.19
1782671125636,6,0,0,115.85
1782671125636,7,0,0,116.79
1782671125854,0,0,0,115.53
1782671125854,1,0,0,113.02
1782671125854,2,0,0,114.39
1782671125854,3,0,0,117.59
1782671125854,4,0,0,118.07
1782671125854,5,0,0,116.16
1782671125854,6,0,0,115.93
1782671125854,7,0,0,116.78
1782671126111,0,0,0,115.53
1782671126111,1,0,0,113.03
1782671126111,2,0,0,114.43
1782671126111,3,0,0,117.59
1782671126111,4,0,0,118.06
1782671126111,5,0,0,116.20
1782671126111,6,0,0,115.92
1782671126111,7,0,0,116.79
1782671126330,0,0,0,115.53
1782671126330,1,0,0,113.03
1782671126330,2,0,0,114.44
1782671126330,3,0,0,117.61
1782671126330,4,0,0,118.09
1782671126330,5,0,0,116.21
1782671126330,6,0,0,115.91
1782671126330,7,0,0,116.80
1782671126546,0,0,0,115.56
1782671126546,1,0,0,113.01
1782671126546,2,0,0,114.45
1782671126546,3,0,0,117.62
1782671126546,4,0,0,118.08
1782671126546,5,0,0,116.20
1782671126546,6,0,0,115.89
1782671126546,7,0,0,116.82
1782671126763,0,0,0,115.57
1782671126763,1,0,0,113.01
1782671126763,2,0,0,114.47
1782671126763,3,0,0,117.61
1782671126763,4,0,0,118.06
1782671126763,5,0,0,116.23
1782671126763,6,0,0,115.97
1782671126763,7,0,0,116.83
1782671126979,0,0,0,115.57
1782671126979,1,0,0,113.01
1782671126979,2,0,0,114.50
1782671126979,3,0,0,117.60
1782671126979,4,0,0,118.06
1782671126979,5,0,0,116.25
1782671126979,6,0,0,115.96
1782671126979,7,0,0,116.85
1782671127196,0,0,0,115.58
1782671127196,1,0,0,113.00
1782671127196,2,0,0,114.53
1782671127196,3,0,0,117.61
1782671127196,4,0,0,118.04
1782671127196,5,0,0,116.25
1782671127196,6,0,0,115.91
1782671127196,7,0,0,116.87
1782671127412,0,0,0,115.59
1782671127412,1,0,0,113.00
1782671127412,2,0,0,114.51
1782671127412,3,0,0,117.63
1782671127412,4,0,0,118.04
1782671127412,5,0,0,116.26
1782671127412,6,0,0,115.89
1782671127412,7,0,0,116.87
1782671127630,0,0,0,115.57
1782671127630,1,0,0,113.01
1782671127630,2,0,0,114.51
1782671127630,3,0,0,117.61
1782671127630,4,0,0,118.02
1782671127630,5,0,0,116.28
1782671127630,6,0,0,115.88
1782671127630,7,0,0,116.88
1782671127847,0,0,0,115.58
1782671127847,1,0,0,113.02
1782671127847,2,0,0,114.49
1782671127847,3,0,0,117.61
1782671127847,4,0,0,118.04
1782671127847,5,0,0,116.28
1782671127847,6,0,0,115.89
1782671127847,7,0,0,116.89
1782671128063,0,0,0,115.58
1782671128063,1,0,0,113.04
1782671128063,2,0,0,114.48
1782671128063,3,0,0,117.62
1782671128063,4,0,0,118.07
1782671128063,5,0,0,116.29
1782671128063,6,0,0,115.87
1782671128063,7,0,0,116.88
1782671128281,0,0,0,115.60
1782671128281,1,0,0,113.03
1782671128281,2,0,0,114.48
1782671128281,3,0,0,117.58
1782671128281,4,0,0,118.06
1782671128281,5,0,0,116.26
1782671128281,6,0,0,115.85
1782671128281,7,0,0,116.87
1782671128524,0,0,0,115.60
1782671128524,1,0,0,113.04
1782671128524,2,0,0,114.49
1782671128524,3,0,0,117.59
1782671128524,4,0,0,118.09
1782671128524,5,0,0,116.27
1782671128524,6,0,0,115.87
1782671128524,7,0,0,116.87
1782671128744,0,0,0,115.63
1782671128744,1,0,0,113.07
1782671128744,2,0,0,114.51
1782671128744,3,0,0,117.64
1782671128744,4,0,0,118.08
1782671128744,5,0,0,116.28
1782671128744,6,0,0,115.90
1782671128744,7,0,0,116.87
1782671128962,0,0,0,115.62
1782671128962,1,0,0,113.06
1782671128962,2,0,0,114.52
1782671128962,3,0,0,117.60
1782671128962,4,0,0,118.12
1782671128962,5,0,0,116.29
1782671128962,6,0,0,115.85
1782671128962,7,0,0,116.87
1782671129206,0,0,0,115.66
1782671129206,1,0,0,113.09
1782671129206,2,0,0,114.54
1782671129206,3,0,0,117.62
1782671129206,4,0,0,118.11
1782671129206,5,0,0,116.32
1782671129206,6,0,0,115.86
1782671129206,7,0,0,116.88
1782671129458,0,0,0,115.67
1782671129458,1,0,0,113.08
1782671129458,2,0,0,114.56
1782671129458,3,0,0,117.61
1782671129458,4,0,0,118.12
1782671129458,5,0,0,116.32
1782671129458,6,0,0,115.91
1782671129458,7,0,0,116.88
1782671129677,0,0,0,115.68
1782671129677,1,0,0,113.08
1782671129677,2,0,0,114.55
1782671129677,3,0,0,117.56
1782671129677,4,0,0,118.14
1782671129677,5,0,0,116.32
1782671129677,6,0,0,115.88
1782671129677,7,0,0,116.91
1782671129896,0,0,0,115.67
1782671129896,1,0,0,113.05
1782671129896,2,0,0,114.54
1782671129896,3,0,0,117.60
1782671129896,4,0,0,118.15
1782671129896,5,0,0,116.30
1782671129896,6,0,0,115.88
1782671129896,7,0,0,116.92
1782671130115,0,0,0,115.67
1782671130115,1,0,0,113.03
1782671130115,2,0,0,114.54
1782671130115,3,0,0,117.60
1782671130115,4,0,0,118.16
1782671130115,5,0,0,116.31
1782671130115,6,0,0,115.90
1782671130115,7,0,0,116.91
1782671130335,0,0,0,115.66
1782671130335,1,0,0,113.01
1782671130335,2,0,0,114.51
1782671130335,3,0,0,117.59
1782671130335,4,0,0,118.16
1782671130335,5,0,0,116.28
1782671130335,6,0,0,115.91
1782671130335,7,0,0,116.89
1782671130552,0,0,0,115.66
1782671130552,1,0,0,113.01
1782671130552,2,0,0,114.50
1782671130552,3,0,0,117.63
1782671130552,4,0,0,118.17
1782671130552,5,0,0,116.25
1782671130552,6,0,0,115.95
1782671130552,7,0,0,116.92
1782671130769,0,0,0,115.68
1782671130769,1,0,0,113.00
1782671130769,2,0,0,114.48
1782671130769,3,0,0,117.64
1782671130769,4,0,0,118.17
1782671130769,5,0,0,116.25
1782671130769,6,0,0,115.89
1782671130769,7,0,0,116.90
1782671130986,0,0,0,115.66
1782671130986,1,0,0,113.03
1782671130986,2,0,0,114.48
1782671130986,3,0,0,117.65
1782671130986,4,0,0,118.20
1782671130986,5,0,0,116.26
1782671130986,6,0,0,115.94
1782671130986,7,0,0,116.91
1782671131205,0,0,0,115.65
1782671131205,1,0,0,113.02
1782671131205,2,0,0,114.51
1782671131205,3,0,0,117.65
1782671131205,4,0,0,118.16
1782671131205,5,0,0,116.27
1782671131205,6,0,0,115.96
1782671131205,7,0,0,116.91
1782671131452,0,0,0,115.64
1782671131452,1,0,0,113.04
1782671131452,2,0,0,114.56
1782671131452,3,0,0,117.69
1782671131452,4,0,0,118.15
1782671131452,5,0,0,116.27
1782671131452,6,0,0,115.89
1782671131452,7,0,0,116.89
1782671131703,0,0,0,115.67
1782671131703,1,0,0,113.04
1782671131703,2,0,0,114.61
1782671131703,3,0,0,117.68
1782671131703,4,0,0,118.15
1782671131703,5,0,0,116.29
1782671131703,6,0,0,115.97
1782671131703,7,0,0,116.89
1782671132107,0,0,0,115.70
1782671132107,1,0,0,113.06
1782671132107,2,0,0,114.59
1782671132107,3,0,0,117.75
1782671132107,4,0,0,118.17
1782671132107,5,0,0,116.32
1782671132107,6,0,0,116.03
1782671132107,7,0,0,116.92
1782671132505,0,0,0,116.05
1782671132505,1,0,0,113.49
1782671132505,2,0,0,114.86
1782671132505,3,0,0,117.97
1782671132505,4,0,0,118.26
1782671132505,5,0,0,116.70
1782671132505,6,0,0,116.45
1782671132505,7,0,0,117.47
1782671132898,0,0,0,120.24
1782671132898,1,0,0,117.71
1782671132898,2,0,0,119.03
1782671132898,3,0,0,122.09
1782671132898,4,20,3,123.10
1782671132898,5,42,6,121.03
1782671132898,6,0,0,120.25
1782671132898,7,0,0,121.26
1782671133461,0,0,0,121.15
1782671133461,1,0,0,118.50
1782671133461,2,0,0,119.95
1782671133461,3,0,0,122.81
1782671133461,4,0,0,123.86
1782671133461,5,0,0,121.86
1782671133461,6,0,0,121.59
1782671133461,7,0,0,122.05
1782671133667,0,0,0,121.18
1782671133667,1,0,0,118.47
1782671133667,2,0,0,119.95
1782671133667,3,0,0,122.95
1782671133667,4,0,0,123.86
1782671133667,5,0,0,121.88
1782671133667,6,0,0,121.62
1782671133667,7,0,0,122.44
1782671133873,0,0,0,121.19
1782671133873,1,0,0,117.26
1782671133873,2,0,0,119.16
1782671133873,3,0,0,121.65
1782671133873,4,0,0,123.82
1782671133873,5,0,0,121.86
1782671133873,6,0,0,120.39
1782671133873,7,0,0,122.43
